tree
version=v4
num_class=3
num_tree_per_iteration=3
label_index=0
max_feature_idx=69
objective=multiclass num_class:3
feature_names=home_xg_last3 home_xg_last5 home_xg_last8 home_xg_last10 home_xg_season home_xga_last3 home_xga_last5 home_xga_last8 home_xga_last10 home_xga_season away_xg_last3 away_xg_last5 away_xg_last8 away_xg_last10 away_xg_season away_xga_last3 away_xga_last5 away_xga_last8 away_xga_last10 away_xga_season xg_diff_last10 xga_diff_last10 home_npxg_last3 home_npxg_last5 home_npxg_last8 home_npxg_last10 home_npxg_season home_npxga_last3 home_npxga_last5 home_npxga_last8 home_npxga_last10 home_npxga_season away_npxg_last3 away_npxg_last5 away_npxg_last8 away_npxg_last10 away_npxg_season away_npxga_last3 away_npxga_last5 away_npxga_last8 away_npxga_last10 away_npxga_season npxgd_diff_season elo_before_home elo_before_away elo_diff elo_trend_home elo_trend_away xpoints_delta_home xpoints_delta_away ppda_home_last10 ppda_away_last10 deep_home_last10 deep_away_last10 strength_of_schedule_home strength_of_schedule_away matchday_home matchday_away sample_size_home sample_size_away promoted_home promoted_away days_since_prev_home days_since_prev_away league_Bundesliga league_Liga league_Ligue_1 league_Premier_League league_Serie_A season_phase_num
feature_infos=[0.1882775333333333:5.0874033333333335] [0.22731512000000001:4.4588200000000002] [0.34897444999999999:3.6630216666666668] [0.36133936:3.6630216666666668] [0.42623216666666658:3.6630216666666668] [0.2460913333333333:4.1539999999999999] [0.29740139999999998:3.7822499999999999] [0.45235999999999987:3.0508680000000004] [0.4712444999999999:3.0508680000000004] [0.56731039999999999:3.0508680000000004] [0.1960145333333333:4.7716066666666661] [0.22841891999999989:4.2169179999999997] [0.29332960000000002:3.6958600000000006] [0.29332960000000002:3.6958600000000006] [0.29332960000000002:3.6958600000000006] [0.23463853333333329:4.2563366666666669] [0.33563880000000001:3.4103140000000005] [0.39249337499999998:3.1297711666666665] [0.46521190000000001:3.1297711666666665] [0.56350884999999995:3.1297711666666665] [-2.2681795:2.6519413333333333] [-2.0463073999999999:1.8479618888888891] [0.18700618895827781:4.8077216059606069] [0.2245355988208059:4.006346486610874] [0.33674041832384533:3.4474634470852528] [0.34987840081764371:3.2826339435165317] [0.42339315002314648:3.2826339435165317] [0.2136734295299087:3.9101524292246288] [0.29385376463643748:3.7674067774153737] [0.4326842532623143:3.0160065524806723] [0.4326842532623143:2.9876451865849494] [0.4326842532623143:2.8067415802187665] [0.19451706755016121:4.534684982777379] [0.22654922750119749:3.6219596195076091] [0.29111082359201818:3.2532841710807627] [0.29111082359201818:3.2532841710807627] [0.29111082359201818:3.2532841710807627] [0.23549855165974429:4.2718168532081551] [0.33963790225124502:3.3394089758840826] [0.39296299553212422:2.9847504153945499] [0.4732297200116492:2.9201139513652445] [0.4732297200116492:2.9112280013170451] [-3.3059635466813866:3.9108935976583368] [1201.7912090325335:1591.8148000195938] [1206.4951798719487:1594.2257791630209] [-328.38270760545493:304.55705777472781] [-63.620527973635717:50.803811144572592] [-56.230051287219567:47.324328199463253] [-19.559999999999999:23.859999999999999] [-19.43:23.440000000000001] [5.7069947562881351:45.554837012630188] [5.5707791378725906:46.689189953806654] [1.5:18.5] [1.2:19.100000000000001] [1293.6585818123906:1478.2749720072552] [1288.20500577793:1496.5919612787725] [1:38] [1:38] [5:75] [5:75] [0:1] [0:1] [3:85] [3:85] [0:1] [0:1] [0:1] [0:1] [0:1] [0:2]
tree_sizes=974 958 950 967 984 986 973 964 989 968 989 950 987 987 966 988 982 991 970 861 968 991 996 964 971 976 980 989 994 965 996 997 966 993 976 989 997 1000 976 974 992 957 1001 982 959 1000 994 981 1004 981 981 1000 997 1001 898 995 999 999 890 997 969 996 1004 896 998 992 999 944 999 893 971 997 975 970 979 1005 992 984 898 973 999 986 991 992 981 995 993 984 993 1001 991 970 984 895 889 999 896 1001 999 1007 952 1000 1001 967 1002 1006 972 977 958 891 1006 979 893 999 1004 1004 973 1005 1000 1006 1003 998 976 982 947 965 993 977 975 983 892 1004 877 766 999 973 891 985 977 977 1003 985 893 1009 978 765 999 978 999 991 996 978 998 970 896 999 980 767 990 1000 880 1000 1002 763 989 990 1000 987 983 998 977 979 892 977 987 1002 898 957 961 994 1001 870 984 1007 875 967 979 892 1002 997 875 997 1007 998 977 964 973 1000 1005 867 997 1002 894 997 1003 891 997 997 1002 995 992 999 980 1002 764 998 976 850 871 984 981 996 954 856 993 982 1001 1005 983 766 897 998 957 1002 987 963 997 976 881 998 1002 869 979 971 998 1005 972 842 898 985 883 956 990 999 992 965 983 1001 956 827 856 971 896 991 992 893 996 971 972 975 999 997 869 974 999 1004 979 960 961 974 765 997 984 992 966 956 1001 968 979 875 991 999 861 1000 996 892 875 897 1006 988 997 997 874 998 1001 995 975 974 995 957 996 893 895 1001 978 897 897 1000 986 961 685 995 783 851

Tree=0
num_leaves=8
num_cat=0
split_feature=20 20 4 4 11 38 45
split_gain=162.065 49.1763 24.9879 13.524 10.0232 8.49136 5.07295
threshold=0.27552479999999985 -0.29970779999999969 1.5545748060796651 1.594845570707071 1.5699496000000004 0.95112459612622313 -17.537322909151381
decision_type=2 2 2 2 2 2 2
left_child=1 4 6 -3 -1 -4 -2
right_child=2 3 5 -5 -6 -7 -8
leaf_value=-0.8110093414968329 -0.81267282470397761 -0.80777363658364421 -0.7967782298376116 -0.79566516606618265 -0.82259600968032587 -0.78033105954789717 -0.79702673481557174
leaf_weight=105.3217545747757 20.025967419147491 351.56698358058929 41.535339832305908 106.06345707178116 275.54247763752937 219.17308786511421 90.116853386163712
leaf_count=284 54 948 112 286 743 591 243
internal_value=-0.804283 -0.811585 -0.787821 -0.804877 -0.819522 -0.78276 -0.800238
internal_weight=1209.35 838.495 370.851 457.63 380.864 260.708 110.143
internal_count=3261 2261 1000 1234 1027 703 297
is_linear=0
shrinkage=1


Tree=1
num_leaves=8
num_cat=0
split_feature=26 41 22 35 15 32 15
split_gain=20.9496 7.89087 8.19038 6.49674 5.30276 4.65456 4.57154
threshold=1.5871745195996874 0.93273746862108597 1.0506051580219509 1.6736758516268986 1.1798340000000003 0.55700802479805911 1.0348016666666668
decision_type=2 2 2 2 2 2 2
left_child=1 3 -3 -1 6 -6 -2
right_child=4 2 -4 -5 5 -7 -8
leaf_value=-1.379527485600148 -1.3876849728547707 -1.3817991968879968 -1.374978145760519 -1.3959805314578042 -1.3737667899646779 -1.3945166827222544 -1.3719811280819942
leaf_weight=37.23858368396759 55.575765043497086 272.80083653330803 349.53488776087761 40.906019955873489 7.3348725438117972 135.69514206051826 20.876175701618195
leaf_count=132 197 967 1239 145 26 481 74
internal_value=-1.38171 -1.37917 -1.37801 -1.38791 -1.38975 -1.39315 -1.38288
internal_weight=919.962 700.48 622.336 78.1446 219.482 143.03 76.4519
internal_count=3261 2483 2206 277 778 507 271
is_linear=0
shrinkage=1


Tree=2
num_leaves=8
num_cat=0
split_feature=14 3 4 44 44 14 13
split_gain=107.105 46.1215 41.179 18.6736 14.091 7.73435 6.34579
threshold=1.549871555080214 1.8325326500000003 1.508324081730769 1488.2764953648268 1372.4108883167817 2.050509986892584 1.7127337000000005
decision_type=2 2 2 2 2 2 2
left_child=2 3 4 -2 -1 -3 -4
right_child=1 5 6 -5 -6 -7 -8
leaf_value=-1.2043688410377336 -1.1854598634391631 -1.2132338403914062 -1.2167652884649027 -1.1664671468795014 -1.1925170812553854 -1.1928225567313691 -1.1972482820696444
leaf_weight=262.7968864440918 235.94864684343338 53.380617558956146 247.63552761077881 63.488190114498138 133.9253363609314 20.215145111083984 12.634465694427488
leaf_count=832 747 169 784 201 424 64 40
internal_value=-1.19918 -1.18638 -1.20646 -1.18114 -1.20028 -1.20721 -1.2157
internal_weight=1030.02 373.033 656.992 299.437 396.722 73.5958 260.27
internal_count=3261 1181 2080 948 1256 233 824
is_linear=0
shrinkage=1


Tree=3
num_leaves=8
num_cat=0
split_feature=20 20 31 9 21 2 54
split_gain=152.482 46.5406 13.8865 13.3483 8.2916 7.6686 4.19665
threshold=0.27552479999999985 -0.29970779999999969 1.2351054606554581 1.5659239153246758 -0.16303765000000017 1.3395267499999999 1360.2246059952033
decision_type=2 2 2 2 2 2 2
left_child=1 4 -3 5 -1 -2 -5
right_child=3 2 -4 6 -6 -7 -8
leaf_value=-0.0036550727019482318 0 0.0068537338727687382 -0.0042404806713221286 0.018925213171338578 -0.016752357859110577 0.019487344637451397 -0.0016998999940907298
leaf_weight=58.844551533460617 19.682666748762131 147.99905946850777 309.56843289732933 8.5386484861373884 321.07005113363266 297.48377728462219 46.020952433347702
leaf_count=159 53 399 835 23 868 800 124
internal_value=0 -0.0070969 -0.000572596 0.0159395 -0.014832 0.0182952 0.00155262
internal_weight=1209.21 837.482 457.567 371.726 379.915 317.166 54.5596
internal_count=3261 2261 1234 1000 1027 853 147
is_linear=0
shrinkage=0.03


Tree=4
num_leaves=8
num_cat=0
split_feature=25 36 41 58 55 43 52
split_gain=18.0289 9.34106 6.61453 6.07233 5.10037 4.52126 3.04424
threshold=1.6972727422886054 1.7757922784787039 0.96430934581329686 42.500000000000007 1352.1005245417384 1361.6377943636037 8.6333333333333346
decision_type=2 2 2 2 2 2 2
left_child=1 3 -3 -1 6 -6 -2
right_child=4 2 -4 -5 5 -7 -8
leaf_value=0.0011672235428520489 0.019664915932580979 -0.013422751564251401 0.00064440443760880347 0.0073838699960232712 0.0088891856871749931 -0.011788831131349596 -0.0017752251110069815
leaf_weight=399.9165153503418 5.625855058431628 51.945232152938843 59.107348769903183 230.85279110074043 7.0763612985610953 147.18152359127998 18.241618752479553
leaf_count=1415 20 185 209 817 25 525 65
internal_value=0 0.00206201 -0.00579125 0.00350599 -0.0085161 -0.0105466 0.00324842
internal_weight=919.947 741.822 111.053 630.769 178.125 154.258 23.8675
internal_count=3261 2626 394 2232 635 550 85
is_linear=0
shrinkage=0.03


Tree=5
num_leaves=8
num_cat=0
split_feature=42 42 42 59 45 14 45
split_gain=190.669 35.2651 18.493 8.59103 7.04059 6.47035 5.76644
threshold=-0.35709911024492741 0.23407487320553158 -0.8401377645967657 36.500000000000007 115.0016495918377 1.4168104722222223 -16.444274068760134
decision_type=2 2 2 2 2 2 2
left_child=2 6 5 -4 -3 -1 -2
right_child=1 4 3 -5 -6 -7 -8
leaf_value=0.0019120549049469672 0.0040050460670233825 -0.012293809842194471 0.0031820099519965172 0.016915638730353868 -0.022147254114160197 0.026289021993036055 -0.0046581582464009794
leaf_weight=13.607501894235609 110.80675318837166 284.90633514523506 88.182362198829651 89.252106964588165 107.55918008089066 164.87118193507195 170.71991404891014
leaf_count=43 350 908 278 281 344 516 541
internal_value=0 -0.00937343 0.0177062 0.010369 -0.0151689 0.0246385 -0.00113838
internal_weight=1029.91 673.992 355.913 177.434 392.466 178.479 281.527
internal_count=3261 2143 1118 559 1252 559 891
is_linear=0
shrinkage=0.03


Tree=6
num_leaves=8
num_cat=0
split_feature=45 26 33 21 13 35 3
split_gain=139.2 56.1154 14.8651 14.81 11.1144 9.45149 5.91303
threshold=-15.659668177262343 1.5947065710297115 1.4706832940767571 -0.26141195 2.1070324000000005 0.96851400328602588 1.6014173000000005
decision_type=2 2 2 2 2 2 2
left_child=3 2 -2 6 -3 -5 -1
right_child=1 4 -4 5 -6 -7 -8
leaf_value=-0.0038146932973993786 0.0052374847531972239 0.021942054837572465 -0.0081209558056794615 0.00057305739641975409 -0.0025387877680411548 -0.014778629474815563 0.015491403386406014
leaf_weight=45.918917894363403 348.59256520867348 230.73830404877663 92.176354378461838 35.194356620311737 15.219030916690825 423.17109948396683 17.83542212843895
leaf_count=124 939 619 249 95 41 1146 48
internal_value=0 0.00886341 0.00235206 -0.0116532 0.020298 -0.0135374 0.0014369
internal_weight=1208.85 686.726 440.769 522.12 245.957 458.365 63.7543
internal_count=3261 1848 1188 1413 660 1241 172
is_linear=0
shrinkage=0.03


Tree=7
num_leaves=8
num_cat=0
split_feature=2 0 41 16 52 54 55
split_gain=15.1946 8.13587 8.27507 5.60507 5.55222 4.98353 3.6185
threshold=1.7372167500000002 1.0761058333333335 0.93273746862108597 0.95046870000000017 4.1214285714285728 1398.7404109286319 1368.1395817158952
decision_type=2 2 2 2 2 2 2
left_child=1 4 -3 6 -1 -5 -2
right_child=3 2 -4 5 -6 -7 -8
leaf_value=0.0043298889781413843 0.01321506124334082 -0.0071192453809633439 0.0063631518709756432 -0.011180431047148307 -0.0046930417416320321 0 -0.0046348231251454155
leaf_weight=86.593213677406311 17.401800990104675 42.285843163728714 373.54422476887703 151.562719643116 185.48774090409279 46.141801089048386 16.803057610988617
leaf_count=306 62 151 1318 543 656 165 60
internal_value=0 0.00224388 0.00489281 -0.00660401 -0.00170128 -0.00858261 0.00384609
internal_weight=919.82 687.911 415.83 231.909 272.081 197.705 34.2049
internal_count=3261 2431 1469 830 962 708 122
is_linear=0
shrinkage=0.03


Tree=8
num_leaves=8
num_cat=0
split_feature=42 42 20 14 43 14 44
split_gain=179.735 29.1934 21.5652 6.62067 6.41732 5.96652 5.50868
threshold=-0.15613406092164966 -0.8401377645967657 0.27552479999999985 1.0969756543478264 1329.6212648009007 1.4168104722222223 1362.0821060186297
decision_type=2 2 2 2 2 2 2
left_child=1 5 6 -3 -4 -1 -2
right_child=2 3 4 -5 -6 -7 -8
leaf_value=0.0017586957217923457 -0.0089009082646585823 -0.0066887491795728027 0.0011657199675110864 0.0092026425975714806 -0.017531520559381609 0.025199560380828826 -0.00032060307252027514
leaf_weight=13.652871727943419 143.20131754875183 22.455511212348938 14.098415464162825 242.47588163614273 286.52436897158623 167.19111716747284 140.03762182593346
leaf_count=43 456 71 45 761 925 516 444
internal_value=0 0.0143092 -0.0109368 0.00770328 -0.0165536 0.0236326 -0.00479584
internal_weight=1029.64 445.775 583.862 264.931 300.623 180.844 283.239
internal_count=3261 1391 1870 832 970 559 900
is_linear=0
shrinkage=0.03


Tree=9
num_leaves=8
num_cat=0
split_feature=42 26 42 20 44 4 0
split_gain=163.465 46.4177 14.4602 12.6273 7.82923 4.99537 3.34756
threshold=-0.17445079684782214 1.5947065710297115 -0.81225038961375151 -0.35879804999999981 1401.1614146193456 1.0301512698863637 0.60811866666666681
decision_type=2 2 2 2 2 2 2
left_child=2 3 6 -2 -3 -4 -1
right_child=1 4 5 -5 -6 -7 -8
leaf_value=-0.0041636290433034332 -0.012680154034940019 0.02297039611569978 0 0.0049071965884250057 0.010410925916399468 -0.010185920156047832 -0.02025197818338249
leaf_weight=18.736987322568893 37.674989074468613 180.47161108255386 51.000637322664261 407.08488947153091 80.152261555194855 236.99752649664879 196.12212744355202
leaf_count=51 102 483 138 1096 215 642 534
internal_value=0 0.00930344 -0.0130434 0.00330015 0.0193308 -0.00836681 -0.0190387
internal_weight=1208.24 705.384 502.857 444.76 260.624 287.998 214.859
internal_count=3261 1896 1365 1198 698 780 585
is_linear=0
shrinkage=0.03


Tree=10
num_leaves=8
num_cat=0
split_feature=26 0 41 55 52 18 32
split_gain=17.9143 7.9662 8.33324 6.26792 5.33759 5.32955 4.29481
threshold=1.5871745195996874 1.0761058333333335 0.93273746862108597 1364.5684126027861 4.1214285714285728 1.2591554500000004 0.55700802479805911
decision_type=2 2 2 2 2 2 2
left_child=1 4 -3 5 -1 -2 -5
right_child=3 2 -4 6 -6 -7 -8
leaf_value=0.0042247456258335571 0.012027889172285379 -0.0067148421884532829 0.0063077693434483023 0.0095066139273658895 -0.0046469036330103117 -0.0061142783650349709 -0.011640150260777828
leaf_weight=86.801015943288803 21.879812568426132 46.026313632726669 389.84285247325897 6.1297563910484305 181.21344619989395 34.438429355621338 153.36065798997879
leaf_count=306 78 165 1370 22 642 124 554
internal_value=0 0.00232751 0.00483972 -0.00751442 -0.00165255 0.000590365 -0.010534
internal_weight=919.692 703.884 435.869 215.809 268.014 56.3182 159.49
internal_count=3261 2483 1535 778 948 202 576
is_linear=0
shrinkage=0.03


Tree=11
num_leaves=8
num_cat=0
split_feature=42 42 20 45 45 44 53
split_gain=169.43 27.1708 20.7215 8.66929 7.29166 5.63622 4.79789
threshold=-0.15613406092164966 -0.8401377645967657 0.24382889999999988 -1.1930891626601576 -10.863405513005317 1362.0821060186297 7.5277777777777786
decision_type=2 2 2 2 2 2 2
left_child=1 6 5 -4 -3 -2 -1
right_child=2 4 3 -5 -6 -7 -8
leaf_value=0.012703029272154465 -0.0086495709809997785 0.010567403310553751 -0.0030691938368631981 -0.018068234457987387 0 0 0.026041931502301045
leaf_weight=50.075675368309021 134.43548807501793 189.03164112567902 46.615285456180573 265.93238079547882 77.159225910902023 133.07797414064407 132.88232928514481
leaf_count=154 430 589 150 868 243 422 405
internal_value=0 0.0137967 -0.0106976 -0.0159603 0.0074211 -0.00436489 0.0227301
internal_weight=1029.21 449.149 580.061 312.548 266.191 267.513 182.958
internal_count=3261 1391 1870 1018 832 852 559
is_linear=0
shrinkage=0.03


Tree=12
num_leaves=8
num_cat=0
split_feature=20 45 4 4 13 38 45
split_gain=127.106 40.4052 20.1601 11.7124 10.6849 7.82768 4.40429
threshold=0.27552479999999985 -48.905816370718746 1.5545748060796651 1.594845570707071 1.2044096500000003 0.95112459612622313 -17.537322909151381
decision_type=2 2 2 2 2 2 2
left_child=1 4 6 -3 -1 -4 -2
right_child=2 3 5 -5 -6 -7 -8
leaf_value=0.0008054431534134964 -0.0082510697228574664 -0.0034480569367828567 0.0057358409691199447 0.0075934292282846417 -0.016126504798573756 0.021313428766320416 0.0063342491089600503
leaf_weight=33.630470603704453 20.005537331104279 381.6371234357357 41.837373614311218 108.87197613716125 309.74496814608574 221.14972177147865 90.497018486261368
leaf_count=91 54 1032 112 293 845 591 243
internal_value=0 -0.00651952 0.0144927 -0.000915524 -0.0143863 0.0190105 0.0033273
internal_weight=1207.37 833.885 373.49 490.509 343.375 262.987 110.503
internal_count=3261 2261 1000 1325 936 703 297
is_linear=0
shrinkage=0.03


Tree=13
num_leaves=8
num_cat=0
split_feature=4 0 54 18 44 52 34
split_gain=16.1216 8.17022 6.7504 5.73315 5.31985 4.73786 4.50754
threshold=1.594845570707071 1.0761058333333335 1399.5958884900267 1.6526792000000003 1532.4331728918517 4.1214285714285728 0.98058489882268929
decision_type=2 2 2 2 2 2 2
left_child=1 5 3 -2 -3 -1 -4
right_child=2 4 6 -5 -6 -7 -8
leaf_value=0.0041251116878836319 -0.0050509698994329394 0.0062484821044974173 0.016541072194950417 -0.01643672803785003 -0.012055655077987455 -0.0043270897183691854 -0.0015074809691995276
leaf_weight=86.998101145029068 155.60054349899292 362.99566933512688 13.141906410455702 60.540757089853287 11.997612595558165 169.37560644745827 58.807170450687408
leaf_count=306 560 1273 47 220 43 601 211
internal_value=0 0.00269589 -0.00584371 -0.00849908 0.00552243 -0.00133307 0.00174171
internal_weight=919.457 631.367 288.09 216.141 374.993 256.374 71.9491
internal_count=3261 2223 1038 780 1316 907 258
is_linear=0
shrinkage=0.03


Tree=14
num_leaves=8
num_cat=0
split_feature=45 20 20 37 40 45 43
split_gain=137.535 37.8904 25.3719 9.75755 7.56762 6.84028 3.59867
threshold=-26.35640836820539 0.27552479999999985 -0.42312209999999989 1.0683618331791411 0.94766879640363622 -99.205550645616867 1334.0150482497731
decision_type=2 2 2 2 2 2 2
left_child=2 3 4 -2 -1 -4 -3
right_child=1 6 5 -5 -6 -7 -8
leaf_value=0.029831273823278721 0.0053905305740744851 0 0.015801748588172675 -0.0055297676726830643 0.01593048775314471 0.002519714222578056 -0.017830230066853456
leaf_weight=66.785242736339569 103.49895048141479 12.123581588268278 45.948228538036346 231.43595558404922 137.77916106581688 163.1475522518158 267.86534181237221
leaf_count=201 327 39 142 737 420 511 884
internal_value=0 -0.00899151 0.0133342 -0.00205426 0.0208589 0.00570258 -0.0171103
internal_weight=1028.58 614.924 413.66 334.935 204.564 209.096 279.989
internal_count=3261 1987 1274 1064 621 653 923
is_linear=0
shrinkage=0.03


Tree=15
num_leaves=8
num_cat=0
split_feature=42 3 42 15 42 59 9
split_gain=145.707 35.6225 13.0775 9.34226 7.33013 7.02574 2.78772
threshold=-0.17445079684782214 1.6628004000000003 -0.81225038961375151 1.4082816666666667 0.4996587917716801 36.500000000000007 2.2877453954545457
decision_type=2 2 2 2 2 2 2
left_child=2 4 6 -3 -2 -4 -1
right_child=1 3 5 -5 -6 -7 -8
leaf_value=-0.019151316568424847 2.009936358134325e-05 0.010324591763080928 -0.0028287753212672116 0.021739344130666527 0.0088532421843980375 -0.012578795181218062 -0.0033277476311643311
leaf_weight=196.52302506566048 281.09530791640282 142.83715683221817 141.90758872032166 158.99955037236214 123.35482978820801 145.14372089505196 16.471151083707809
leaf_count=540 758 382 385 425 331 395 45
internal_value=0 0.00875478 -0.0123722 0.0165398 0.00281827 -0.00791546 -0.0181095
internal_weight=1206.33 706.287 500.045 301.837 404.45 287.051 212.994
internal_count=3261 1896 1365 807 1089 780 585
is_linear=0
shrinkage=0.03


Tree=16
num_leaves=8
num_cat=0
split_feature=26 36 0 55 15 56 51
split_gain=15.8665 9.48623 6.59788 6.07748 4.67558 3.28731 3.2555
threshold=1.5871745195996874 1.7757922784787039 1.142312666666667 1352.1005245417384 1.3884831666666668 11.500000000000002 8.6650652823138383
decision_type=2 2 2 2 2 2 2
left_child=1 2 -1 4 -2 -3 -5
right_child=3 5 -4 6 -6 -7 -8
leaf_value=3.4674385920687233e-05 0.012759923070671666 0.0028114936546579758 0.0064818558814546418 0.0021158716219905494 -0.0096496204979611526 -0.0087376885060094396 -0.010505560457024577
leaf_weight=265.14309266209602 20.69380080699921 24.214943081140518 333.79288902878761 15.65171706676483 10.142574936151503 83.065598368644714 166.59231719374657
leaf_count=935 74 86 1166 57 37 296 610
internal_value=0 0.0021833 0.00368729 -0.00712017 0.00433665 -0.00585258 -0.00924756
internal_weight=919.297 706.217 598.936 213.08 30.8364 107.281 182.244
internal_count=3261 2483 2101 778 111 382 667
is_linear=0
shrinkage=0.03


Tree=17
num_leaves=8
num_cat=0
split_feature=42 42 42 44 14 14 11
split_gain=151.42 23.4916 19.3387 6.40598 5.96208 5.25107 4.72978
threshold=-0.15613406092164966 -0.8401377645967657 0.56986978333470406 1413.7514289015116 1.0969756543478264 1.4168104722222223 1.6019696000000001
decision_type=2 2 2 2 2 2 2
left_child=1 5 6 -4 -3 -1 -2
right_child=2 4 3 -5 -6 -7 -8
leaf_value=0.00084774515811487331 -0.0075791722228446979 -0.0066969887363169554 -0.018315955208111565 -0.00068688247994022156 0.0083568969022999127 0.022522085339198486 7.3882316579848675e-05
leaf_weight=13.917986065149305 235.80858302116394 22.457364529371262 219.07999062538147 24.315648525953293 245.82612827420235 172.83356004953384 93.569142401218414
leaf_count=43 761 71 730 80 761 516 299
internal_value=0 0.0128839 -0.0102522 -0.016697 0.00694555 0.0210918 -0.00532725
internal_weight=1027.81 455.035 572.773 243.396 268.283 186.752 329.378
internal_count=3261 1391 1870 810 832 559 1060
is_linear=0
shrinkage=0.03


Tree=18
num_leaves=8
num_cat=0
split_feature=42 3 42 53 15 22 58
split_gain=136.924 33.6505 12.3942 9.45156 8.85787 5.92892 5.30648
threshold=-0.17445079684782214 1.6628004000000003 -0.81225038961375151 4.4222222222222234 1.4082816666666667 0.51433902571503187 36.500000000000007
decision_type=2 2 2 2 2 2 2
left_child=2 3 5 -2 -3 -1 -4
right_child=1 4 6 -5 -6 -7 -8
leaf_value=0 0.008998335961743386 0.0099777497317861518 -0.0037063560028339458 -0.00051821884837897198 0.021098461906291451 -0.018929462582227538 -0.012344755396392765
leaf_weight=13.43673864006996 138.79258754849434 142.9238393008709 160.07022199034691 265.82794004678726 159.12886527180672 198.46703916788101 126.47171366214752
leaf_count=37 373 382 435 716 425 548 345
internal_value=0 0.00847173 -0.0120255 0.00270057 0.0160353 -0.0176315 -0.00768222
internal_weight=1205.12 706.673 498.446 404.621 302.053 211.904 286.542
internal_count=3261 1896 1365 1089 807 585 780
is_linear=0
shrinkage=0.03


Tree=19
num_leaves=7
num_cat=0
split_feature=4 36 0 30 41 27
split_gain=14.3248 8.41294 6.67997 5.84138 4.29108 4.18895
threshold=1.594845570707071 1.7757922784787039 1.142312666666667 1.9085808268196041 0.96430934581329686 0.75288213976989982
decision_type=2 2 2 2 2 2
left_child=1 2 -1 5 -3 -2
right_child=3 4 -4 -5 -6 -7
leaf_value=0.00035776067220230688 0.00062870370594564188 -0.012345301788823258 0.007185546132871006 0.01587432548812959 0 -0.0082025681154489667
leaf_weight=252.96605321764946 53.363325417041779 42.230692923069 284.01465120911598 8.4226265251636487 54.414086520671844 223.55233684182167
leaf_count=891 195 153 987 30 192 813
internal_value=0 0.00253839 0.00403797 -0.00553302 -0.00540243 -0.00640086
internal_weight=918.964 633.625 536.981 285.338 96.6448 276.916
internal_count=3261 2223 1878 1038 345 1008
is_linear=0
shrinkage=0.03


Tree=20
num_leaves=8
num_cat=0
split_feature=42 42 42 10 14 59 52
split_gain=142.086 21.6341 18.6709 5.91798 5.67109 5.32437 3.08941
threshold=-0.15613406092164966 -0.8401377645967657 0.56986978333470406 1.6766940000000004 1.0969756543478264 55.500000000000007 3.8660714285714293
decision_type=2 2 2 2 2 2 2
left_child=1 5 3 -2 -3 -1 -4
right_child=2 4 6 -5 -6 -7 -8
leaf_value=0.016468327529033364 -0.0077221722939780617 -0.0066164221613289756 0 0.00088998622591247173 0.0080634161978144856 0.030260143017931767 -0.016958831672559144
leaf_weight=143.33097133040428 233.94460955262184 22.412119686603546 6.4319057762622824 94.194638609886169 246.98885479569435 45.3917416036129 234.23256883025169
leaf_count=425 758 71 21 302 761 134 789
internal_value=0 0.0123958 -0.0100084 -0.00516871 0.00669187 0.0202254 -0.0163866
internal_weight=1026.93 458.124 568.804 328.139 269.401 188.723 240.664
internal_count=3261 1391 1870 1060 832 559 810
is_linear=0
shrinkage=0.03


Tree=21
num_leaves=8
num_cat=0
split_feature=42 26 42 20 44 59 0
split_gain=128.586 37.537 11.7525 11.2794 6.69927 6.5437 3.23891
threshold=-0.17445079684782214 1.5947065710297115 -0.81225038961375151 -0.35879804999999981 1401.1614146193456 36.500000000000007 0.60811866666666681
decision_type=2 2 2 2 2 2 2
left_child=2 3 6 -2 -3 -4 -1
right_child=1 4 5 -5 -6 -7 -8
leaf_value=-0.0027493026303826249 -0.01233439359753076 0.020551584884213572 -0.0025411963951996242 0.0043100981465601547 0.0089602298653759464 -0.011966673298117545 -0.018357112967624063
leaf_weight=18.490128189325333 37.573674857616425 181.02383059263229 141.61859357357025 407.93012005090714 80.439111202955246 144.4022499024868 192.27572590112686
leaf_count=51 102 483 385 1096 215 395 534
internal_value=0 0.00819337 -0.0116875 0.00279042 0.0171945 -0.00745401 -0.0171676
internal_weight=1203.75 706.967 496.787 445.504 261.463 286.021 210.766
internal_count=3261 1896 1365 1198 698 780 585
is_linear=0
shrinkage=0.03


Tree=22
num_leaves=8
num_cat=0
split_feature=26 0 41 55 18 52 32
split_gain=14.2264 6.91035 7.51719 5.90611 4.98963 4.96559 4.19535
threshold=1.5871745195996874 1.0761058333333335 0.93273746862108597 1364.5684126027861 1.2591554500000004 4.1214285714285728 0.55700802479805911
decision_type=2 2 2 2 2 2 2
left_child=1 5 -3 4 -2 -1 -5
right_child=3 2 -4 6 -6 -7 -8
leaf_value=0.0040036255426065702 0.012133387392611345 -0.0065972314777734582 0.0057796967672300633 0.010173237190630971 -0.0054393359535749846 -0.0045379215485737718 -0.010894336940046382
leaf_weight=87.2357357442379 21.82872486114502 45.841828197240829 394.22652328014374 6.0191722214221945 33.692936271429062 180.64138731360435 149.12034222483635
leaf_count=306 78 165 1370 22 124 642 554
internal_value=3.36954e-06 0.00207467 0.00439852 -0.00677038 0.00112961 -0.0016361 -0.00976696
internal_weight=918.607 707.945 440.068 210.661 55.5217 267.877 155.14
internal_count=3261 2483 1535 778 202 948 576
is_linear=0
shrinkage=0.03


Tree=23
num_leaves=8
num_cat=0
split_feature=42 42 42 54 45 57 45
split_gain=133.585 27.7977 11.1396 10.5517 6.60955 5.29653 4.42809
threshold=-0.35709911024492741 0.23407487320553158 -1.0657373326846238 1393.6035409089877 115.0016495918377 34.500000000000007 -16.444274068760134
decision_type=2 2 2 2 2 2 2
left_child=2 6 5 -4 -3 -1 -2
right_child=1 4 3 -5 -6 -7 -8
leaf_value=0.023635324104664953 0.0035344017589589004 -0.010734497845164713 0.014861049758814967 0.0015904351585739297 -0.020507961619498329 0 -0.004056225367497438
leaf_weight=114.17860022187233 111.72335857152939 272.36257737874985 158.56010851264 90.122575253248215 100.32622694969177 10.282050877809523 168.32622849941254
leaf_count=334 350 908 480 274 344 30 541
internal_value=0 -0.00819042 0.0142619 0.0102225 -0.013541 0.0218063 -0.000918057
internal_weight=1025.88 652.738 373.143 248.683 372.689 124.461 280.05
internal_count=3261 2143 1118 754 1252 364 891
is_linear=0
shrinkage=0.03


Tree=24
num_leaves=8
num_cat=0
split_feature=20 20 52 41 16 15 29
split_gain=100.565 32.1449 15.028 9.93516 9.75185 6.86515 5.04866
threshold=0.27552479999999985 -0.29970779999999969 6.4500000000000011 1.4160616708026894 0.9801603000000001 1.0577111666666668 1.7572622024004569
decision_type=2 2 2 2 2 2 2
left_child=1 5 6 -3 -4 -1 -2
right_child=2 3 4 -5 -6 -7 -8
leaf_value=-0.017882245703580286 0.0054194542882929735 -0.0042037527417800903 0 0.0047292648552383484 0.018238779516072261 -0.0088319703696283797 -0.012464195865643469
leaf_weight=139.33203586935997 82.133702099323273 267.85994806885719 27.333891868591309 188.59122675657272 250.12169641256332 232.27534890174866 14.506528317928312
leaf_count=387 220 726 73 508 668 640 39
internal_value=0 -0.00585442 0.0128455 -0.000442944 0.0163924 -0.0123832 0.00223254
internal_weight=1202.15 828.059 374.096 456.451 277.456 371.607 96.6402
internal_count=3261 2261 1000 1234 741 1027 259
is_linear=0
shrinkage=0.03


Tree=25
num_leaves=8
num_cat=0
split_feature=26 14 22 37 27 49 16
split_gain=13.3109 6.10742 5.9733 4.7342 3.85262 3.11614 1.55314
threshold=1.5871745195996874 2.260931563741424 1.0506051580219509 1.3749063585827994 0.75940937600084746 -10.924999999999999 1.1394908000000001
decision_type=2 2 2 2 2 2 2
left_child=1 2 -1 4 -2 -5 -3
right_child=3 6 -4 5 -6 -7 -8
leaf_value=-0.00053376381893945914 0.0067149518407948333 -0.017798774345517427 0.0050069190131803182 0.0024353917751801027 -0.0054148506254283642 -0.013693323990013087 0
leaf_weight=301.7296402156353 27.783246874809265 14.75951597094536 386.91691729426384 8.2626466453075391 92.769903242588043 80.423025846481323 5.5499143302440634
leaf_count=1064 102 54 1345 31 342 303 20
internal_value=1.40487e-05 0.00201103 0.00254132 -0.00656519 -0.0023106 -0.0118393 -0.0132412
internal_weight=918.195 708.956 688.647 209.239 120.553 88.6857 20.3094
internal_count=3261 2483 2409 778 444 334 74
is_linear=0
shrinkage=0.03


Tree=26
num_leaves=8
num_cat=0
split_feature=45 45 7 44 37 35 44
split_gain=110.58 18.1755 12.8775 10.9741 10.7303 7.82596 3.43039
threshold=-26.35640836820539 77.996319668426068 1.3812159375000002 1488.2764953648268 1.0683618331791411 1.5330623551520324 1355.4047363550319
decision_type=2 2 2 2 2 2 2
left_child=2 4 5 -4 -2 -1 -3
right_child=1 6 3 -5 -6 -7 -8
leaf_value=-0.0045085137025932124 0.0026051308802345643 -0.01832427529041717 0.012118828096403814 0.02816839128511835 -0.0077622729574051558 0.01007696228982994 -0.0075178723727031636
leaf_weight=56.79541489481926 125.02743065357208 145.22931149601936 245.51847785711288 50.930096119642258 281.30814608931541 69.466135203838348 50.431938141584396
leaf_count=178 400 497 741 147 919 208 171
internal_value=0 -0.00826203 0.0117155 0.015147 -0.00450167 0.00331418 -0.0157949
internal_weight=1024.71 601.997 422.71 296.449 406.336 126.262 195.661
internal_count=3261 1987 1274 888 1319 386 668
is_linear=0
shrinkage=0.03


Tree=27
num_leaves=8
num_cat=0
split_feature=20 45 4 26 36 29 48
split_gain=94.9569 31.0746 16.0201 11.0491 7.45939 6.25326 5.71566
threshold=0.27552479999999985 -48.905816370718746 1.5545748060796651 1.4756148957404991 1.0285204252601725 1.7165167193275359 -1.615
decision_type=2 2 2 2 2 2 2
left_child=1 4 6 -3 -1 -4 -2
right_child=2 3 5 -5 -6 -7 -8
leaf_value=0.0033820599228210333 -0.0045275521029735808 -0.0031146534554945694 0.017552836244165208 0.0080167711737097868 -0.013842412058574975 -0.0017533995793256403 0.0087338373534760587
leaf_weight=20.650948703289032 49.905325502157211 391.12528494000435 250.53349846601486 98.228332042694092 316.61554846167564 12.714006513357161 60.871013224124908
leaf_count=56 134 1061 669 264 880 34 163
internal_value=-3.12771e-06 -0.00570194 0.0124752 -0.000795642 -0.0126856 0.0165011 0.00251916
internal_weight=1200.64 826.62 374.024 489.354 337.266 263.248 110.776
internal_count=3261 2261 1000 1325 936 703 297
is_linear=0
shrinkage=0.03


Tree=28
num_leaves=8
num_cat=0
split_feature=26 0 8 55 17 52 32
split_gain=12.5454 6.43644 6.04951 5.67637 4.84148 4.77714 4.10647
threshold=1.5871745195996874 1.0761058333333335 2.0522752500000006 1364.5684126027861 1.4394215000000001 4.1214285714285728 0.55700802479805911
decision_type=2 2 2 2 2 2 2
left_child=1 5 -3 4 -2 -1 -5
right_child=3 2 -4 6 -6 -7 -8
leaf_value=0.0038889913018000607 0.0087489472590904487 0.0030841876016216075 0.016685144760544852 0.010401333813304709 -0.0085906311087267598 -0.0044809477450271345 -0.010497449021850694
leaf_weight=87.460362672805786 33.548334509134293 410.5675964653492 31.476062446832657 5.9814551174640647 21.61881148815155 180.34058678150177 146.86343732476234
leaf_count=306 121 1426 109 22 81 642 554
internal_value=2.20493e-05 0.00195526 0.004191 -0.00638801 0.00136634 -0.00162767 -0.00936207
internal_weight=917.857 709.845 442.044 208.012 55.1671 267.801 152.845
internal_count=3261 2483 1535 778 202 948 576
is_linear=0
shrinkage=0.03


Tree=29
num_leaves=8
num_cat=0
split_feature=45 25 12 13 45 21 22
split_gain=104.645 17.7434 12.523 11.944 10.9359 6.42261 4.32075
threshold=-26.35640836820539 1.4774075755441649 1.4699258750000002 2.1986409999999998 -101.32142255214602 -0.37680829999999971 0.51433902571503187
decision_type=2 2 2 2 2 2 2
left_child=4 2 -2 -3 6 -6 -1
right_child=1 3 -4 -5 5 -7 -8
leaf_value=0 -0.0071105754687115462 -0.015685999678884378 0.0053925076191432605 0.012462738259989814 -0.005911182223808026 0.0088955764824205884 0.018874562797582282
leaf_weight=9.4820519089698774 250.92045041918755 239.70243376493454 96.494901716709137 11.739504754543303 25.706340491771698 238.87116920948029 150.68973031640053
leaf_count=28 824 824 302 37 82 724 440
internal_value=0 -0.0080841 -0.00354099 -0.0141654 0.0113436 0.00731086 0.0176477
internal_weight=1023.61 598.857 347.415 251.442 424.749 264.578 160.172
internal_count=3261 1987 1126 861 1274 806 468
is_linear=0
shrinkage=0.03


Tree=30
num_leaves=8
num_cat=0
split_feature=42 2 42 42 11 59 0
split_gain=109.24 28.9442 10.3841 7.97728 7.20557 6.17729 3.17433
threshold=-0.17445079684782214 1.5545536875000001 -0.81225038961375151 0.960905426922262 1.3939437000000001 36.500000000000007 0.60811866666666681
decision_type=2 2 2 2 2 2 2
left_child=2 4 6 -3 -2 -4 -1
right_child=1 3 5 -5 -6 -7 -8
leaf_value=-0.0019080902926831617 0.0041540780416715398 0.0096675135107740021 -0.0021012678952780318 0.019583305654195755 -0.0050953506468072946 -0.011267628268007592 -0.017242007501397771
leaf_weight=18.316881477832794 235.34244948625565 233.22517183423042 141.104038387537 130.49328798055649 107.64838424324989 143.3971441090107 189.3582127392292
leaf_count=51 632 624 385 349 291 395 534
internal_value=-9.33137e-06 0.00751499 -0.0108608 0.0133947 0.00115146 -0.00687251 -0.0160637
internal_weight=1198.89 706.709 492.176 363.718 342.991 284.501 207.675
internal_count=3261 1896 1365 973 923 780 585
is_linear=0
shrinkage=0.03


Tree=31
num_leaves=8
num_cat=0
split_feature=26 54 8 0 55 40 44
split_gain=11.8918 9.20245 8.99904 7.79147 6.40716 4.97023 4.45215
threshold=1.394889507726546 1398.7404109286319 1.9093842500000002 1.142312666666667 1431.0296685947831 1.4892368682171686 1356.9365812932358
decision_type=2 2 2 2 2 2 2
left_child=3 5 -3 6 -5 -2 -1
right_child=1 2 -4 4 -6 -7 -8
leaf_value=0.0038535108811557882 -0.004273064541618945 0.00039921251652504504 0.034911890032095008 0.0070787409371666117 -0.012138183783499342 -0.013988845859906743 -0.0037665699742528377
leaf_weight=107.19637256860733 174.27270838618279 78.389877170324326 5.6722726225852957 284.85095342993736 13.638128906488417 74.089890837669373 179.30180168151855
leaf_count=376 637 286 20 983 47 277 635
internal_value=3.36523e-05 -0.0044485 0.00383381 0.00263827 0.00602593 -0.00737983 -0.000804499
internal_weight=917.412 332.425 84.0621 584.987 298.489 248.363 286.498
internal_count=3261 1220 306 2041 1030 914 1011
is_linear=0
shrinkage=0.03


Tree=32
num_leaves=8
num_cat=0
split_feature=42 42 42 44 55 10 59
split_gain=114.28 16.7404 16.4433 6.34448 5.64411 5.50947 5.0361
threshold=-0.15613406092164966 -0.8401377645967657 0.56986978333470406 1413.7514289015116 1385.9310035720434 1.6766940000000004 55.500000000000007
decision_type=2 2 2 2 2 2 2
left_child=1 6 5 -4 -3 -2 -1
right_child=2 4 3 -5 -6 -7 -8
leaf_value=0.014136480252394576 -0.0071590196770263291 0.0012954657935178432 -0.017005716858079719 0 0.010203930896512546 0.0011908772803870921 0.027102340301517102
leaf_weight=147.40386769175529 230.44532954692841 137.64159816503525 207.67155954241753 23.524132490158081 135.2859493792057 93.543505758047104 46.912920713424683
leaf_count=425 758 419 730 80 413 302 134
internal_value=0 0.0108887 -0.00920555 -0.0153472 0.00586248 -0.00466366 0.0176638
internal_weight=1022.43 467.244 555.185 231.196 272.928 323.989 194.317
internal_count=3261 1391 1870 810 832 1060 559
is_linear=0
shrinkage=0.03


Tree=33
num_leaves=8
num_cat=0
split_feature=20 45 4 15 55 4 62
split_gain=84.1593 21.6762 19.6337 8.89706 8.32914 6.84515 5.97046
threshold=0.084994199999999867 -26.35640836820539 1.5545748060796651 1.0464476666666669 1346.660845913462 1.7331873222222225 23.500000000000004
decision_type=2 2 2 2 2 2 2
left_child=1 5 6 -3 -4 -1 -2
right_child=2 3 4 -5 -6 -7 -8
leaf_value=-0.012508908275488706 0.0028450272889023183 -0.010192644137978225 -0.0023124050417073572 0.00240670957530816 0.014993282948203747 0.0041053065325981596 -0.020507211483137531
leaf_weight=375.47494462132454 203.00368964672089 63.89427775144577 23.579622805118561 209.54751282930374 293.31244930624962 19.982466250658035 8.1586525142192823
leaf_count=1049 546 174 63 567 785 55 22
internal_value=-1.71734e-05 -0.007101 0.00889242 -0.000481058 0.0136051 -0.0115775 0.00161809
internal_weight=1196.95 668.899 528.054 273.442 316.892 395.457 211.162
internal_count=3261 1845 1416 741 848 1104 568
is_linear=0
shrinkage=0.03


Tree=34
num_leaves=8
num_cat=0
split_feature=26 58 26 4 52 22 46
split_gain=11.18 7.73135 6.86365 7.33531 5.68202 5.42487 4.04868
threshold=1.394889507726546 59.500000000000007 1.3030274704655798 1.4160218362500003 4.4142857142857155 2.1092303381044513 18.617604521016009
decision_type=2 2 2 2 2 2 2
left_child=2 6 4 -4 -1 -3 -2
right_child=1 5 3 -5 -6 -7 -8
leaf_value=0.0053601220756390074 -0.0088746901207559705 0.0087359215054619455 0.024513516848393119 0.0040471424145196028 -0.0011817343051880168 -0.0096929271001511171 0
leaf_weight=184.25165811181068 195.82003343105316 55.730403065681458 22.882981508970261 59.620581358671188 319.17782351374626 16.026142537593842 63.462086021900177
leaf_count=641 721 202 79 207 1114 61 236
internal_value=4.54114e-05 -0.00431304 0.00256516 0.0105245 0.00116492 0.00406204 -0.00675902
internal_weight=916.972 331.039 585.933 82.5036 503.429 71.7565 259.282
internal_count=3261 1220 2041 286 1755 263 957
is_linear=0
shrinkage=0.03


Tree=35
num_leaves=8
num_cat=0
split_feature=42 42 42 54 45 28 30
split_gain=107.722 23.7123 8.79463 9.82743 6.212 4.76511 4.0288
threshold=-0.35709911024492741 0.23407487320553158 -1.0657373326846238 1393.6035409089877 115.0016495918377 1.7448107168510221 1.6526839443817423
decision_type=2 2 2 2 2 2 2
left_child=2 6 5 -4 -3 -1 -2
right_child=1 4 3 -5 -6 -7 -8
leaf_value=0.024454220688669304 0.00084075187008038636 -0.0098665135287470847 0.013395152673213952 0.00073034528932385142 -0.019518859009465279 0.010624289543766943 -0.0080187085965424346
leaf_weight=74.816449463367462 224.35681733489037 265.11111098527908 161.62671887874603 91.379273355007172 95.522813260555267 53.168236404657364 55.001183837652206
leaf_count=212 715 908 480 274 344 152 176
internal_value=0 -0.00753242 0.0125711 0.0089802 -0.0125995 0.0191916 -0.000841511
internal_weight=1020.98 639.992 380.991 253.006 360.634 127.985 279.358
internal_count=3261 2143 1118 754 1252 364 891
is_linear=0
shrinkage=0.03


Tree=36
num_leaves=8
num_cat=0
split_feature=42 2 42 53 15 22 2
split_gain=97.1483 26.2496 9.45393 9.32117 7.40929 5.42351 4.69362
threshold=-0.17445079684782214 1.5545536875000001 -0.81225038961375151 4.4222222222222234 1.4260598333333334 0.51433902571503187 2.0492849375000008
decision_type=2 2 2 2 2 2 2
left_child=2 3 5 -2 -3 -1 -4
right_child=1 4 6 -5 -6 -7 -8
leaf_value=0.001135724676770897 0.0076994298826337411 0.007749347639596337 -0.0073475298619514367 -0.0025465094617672743 0.016937373733970241 -0.016596957124897414 0.010653367245787479
leaf_weight=13.195672214031218 120.77064144611359 174.88114637136459 272.81563618779182 222.27090555429459 188.37627109885216 192.1135505437851 10.647432863712309
leaf_count=37 324 468 751 599 505 548 29
internal_value=-2.47028e-05 0.00705824 -0.0103081 0.000997433 0.0126628 -0.0153126 -0.00649639
internal_weight=1195.07 706.299 488.772 343.042 363.257 205.309 283.463
internal_count=3261 1896 1365 923 973 585 780
is_linear=0
shrinkage=0.03


Tree=37
num_leaves=8
num_cat=0
split_feature=25 41 35 22 15 54 54
split_gain=10.6231 5.74138 7.04174 5.02774 4.43489 5.4102 4.26655
threshold=1.6972727422886054 0.93273746862108597 1.6736758516268986 1.0244646925831384 1.3756018333333333 1400.7653956583379 1348.0786177143953
decision_type=2 2 2 2 2 2 2
left_child=1 2 -1 -3 5 -2 -6
right_child=4 3 -4 -5 6 -7 -8
leaf_value=0.0028624702993234018 -0.0056943521417039998 -0.00053655042572281009 -0.014109458835874117 0.0046775827011820001 0.0053550501270399255 0.011775009242427545 -0.014019055210049638
leaf_weight=38.350221157073975 66.805508464574814 265.88352110981941 41.87101799249649 402.94934540987015 8.3238282054662687 18.280087172985077 74.085854157805443
leaf_count=136 250 935 154 1401 32 67 286
internal_value=5.72471e-05 0.00162033 -0.00575879 0.00256465 -0.00669265 -0.00141246 -0.0116262
internal_weight=916.549 749.054 80.2212 668.833 167.495 85.0856 82.4097
internal_count=3261 2626 290 2336 635 317 318
is_linear=0
shrinkage=0.03


Tree=38
num_leaves=8
num_cat=0
split_feature=20 45 20 15 45 20 19
split_gain=89.4914 22.1126 11.5125 9.77935 8.74813 7.87009 4.59625
threshold=0.0067602500000001012 -14.196943736593765 0.31123695000000012 1.010543666666667 -9.9678630468864622 -0.54052865000000005 1.6826813727272729
decision_type=2 2 2 2 2 2 2
left_child=1 5 6 -3 -4 -1 -2
right_child=2 3 4 -5 -6 -7 -8
leaf_value=0.016713167065226908 -0.001031867036806505 0.012427856338619101 0 -0.004950951131772019 -0.015828151778279842 0.0075939389421905475 -0.011235611663171946
leaf_weight=184.50434294342995 150.52484312653542 35.275836378335953 32.510908842086792 127.65510305762291 231.01019176840782 201.54332011938095 56.549295037984848
leaf_count=528 486 109 108 408 827 605 190
internal_value=0 0.00819291 -0.00960046 -0.000901331 -0.0137914 0.0120933 -0.00404269
internal_weight=1019.57 548.979 470.595 162.931 263.521 386.048 207.074
internal_count=3261 1650 1611 517 935 1133 676
is_linear=0
shrinkage=0.03


Tree=39
num_leaves=8
num_cat=0
split_feature=42 2 42 53 4 22 58
split_gain=91.5715 24.7622 9.04 8.87136 7.09152 5.27428 4.78212
threshold=-0.17445079684782214 1.5545536875000001 -0.81225038961375151 4.4222222222222234 1.4696145260989015 0.51433902571503187 36.500000000000007
decision_type=2 2 2 2 2 2 2
left_child=2 3 5 -2 -3 -1 -4
right_child=1 4 6 -5 -6 -7 -8
leaf_value=0.0012511223119005177 0.0074930105497885164 0 -0.0025445945672359356 -0.0025012036466082509 0.013662655633904577 -0.016224945447736193 -0.010744900778207899
leaf_weight=13.175774872303007 120.83558434247971 35.433038383722305 158.49504625797272 222.19387269020081 327.52550026774406 190.91336724162102 124.42668622732162
leaf_count=37 324 95 435 599 878 548 345
internal_value=-2.73416e-05 0.0068436 -0.0100363 0.000955437 0.0122905 -0.0149499 -0.00630642
internal_weight=1193 705.988 487.011 343.029 362.959 204.089 282.922
internal_count=3261 1896 1365 923 973 585 780
is_linear=0
shrinkage=0.03


Tree=40
num_leaves=8
num_cat=0
split_feature=4 36 14 32 55 46 12
split_gain=9.85281 7.33372 6.08194 5.5793 5.61147 5.5159 3.81223
threshold=1.594845570707071 1.7757922784787039 1.8404359264587524 0.70340847337554291 1386.1439598119775 0.45305840931473546 1.9355831250000002
decision_type=2 2 2 2 2 2 2
left_child=1 2 -1 5 -5 -2 -3
right_child=3 6 -4 4 -6 -7 -8
leaf_value=0.0028328536372023627 0.023710600706504263 -0.016892252874865534 0.019898465851788297 -0.0019136333522445463 -0.0112673792039036 -0.0022604204292513996 -0.0017362812881548816
leaf_weight=524.49057024717331 9.8370692580938357 18.808734446763992 18.358585268259048 147.46440060436726 105.64077839255333 14.077174022793768 77.441756933927536
leaf_count=1814 36 67 64 549 400 53 278
internal_value=6.81927e-05 0.00214808 0.00353598 -0.00460372 -0.00599302 0.00827047 -0.00528689
internal_weight=916.119 639.1 542.849 277.019 253.105 23.9142 96.2505
internal_count=3261 2223 1878 1038 949 89 345
is_linear=0
shrinkage=0.03


Tree=41
num_leaves=8
num_cat=0
split_feature=20 45 20 15 45 20 14
split_gain=84.4333 20.7625 11.0851 9.34406 8.53003 7.28687 4.49775
threshold=0.0067602500000001012 -14.196943736593765 0.31123695000000012 1.010543666666667 -9.9678630468864622 -0.54052865000000005 1.2105534667201285
decision_type=2 2 2 2 2 2 2
left_child=1 5 6 -3 -4 -1 -2
right_child=2 3 4 -5 -6 -7 -8
leaf_value=0.016115287657748313 -0.0091068139009236326 0.012081408897561355 0 -0.0048750049074120696 -0.015561170418566396 0.0073437445214176245 0
leaf_weight=185.63942670822144 85.657667994499207 35.45877793431282 32.442410886287689 127.41469076275826 228.38047710061073 202.25466045737267 120.82316967844963
leaf_count=528 283 109 108 408 827 605 393
internal_value=0 0.00791565 -0.00938721 -0.000899735 -0.0135296 0.0116797 -0.00393114
internal_weight=1018.07 550.768 467.304 162.873 260.823 387.894 206.481
internal_count=3261 1650 1611 517 935 1133 676
is_linear=0
shrinkage=0.03


Tree=42
num_leaves=8
num_cat=0
split_feature=42 2 42 53 15 59 5
split_gain=86.2349 23.3724 8.6086 8.45456 7.08294 5.78173 3.04309
threshold=-0.17445079684782214 1.5545536875000001 -0.81225038961375151 4.4222222222222234 1.4260598333333334 36.500000000000007 0.97144583333333345
decision_type=2 2 2 2 2 2 2
left_child=2 3 6 -2 -3 -4 -1
right_child=1 4 5 -5 -6 -7 -8
leaf_value=-0.00014687214026166777 0.0072893277277330838 0.0071310906544029698 -0.0015180451206264147 -0.0024663765804603518 0.016102423579450232 -0.010393775204021058 -0.01567540645205005
leaf_weight=16.30177229642868 120.89190039038658 174.70202544331551 140.39120507240295 222.12222382426262 187.88568317890167 141.99718940258026 186.52117338776588
leaf_count=47 324 468 385 599 505 395 538
internal_value=-3.34816e-05 0.00662905 -0.00977125 0.000907295 0.011925 -0.00612835 -0.0145874
internal_weight=1190.81 705.602 485.211 343.014 362.588 282.388 202.823
internal_count=3261 1896 1365 923 973 780 585
is_linear=0
shrinkage=0.03


Tree=43
num_leaves=8
num_cat=0
split_feature=25 36 41 32 51 27 57
split_gain=9.57043 6.98991 5.63475 4.69612 4.41626 3.48865 2.82966
threshold=1.6972727422886054 1.7757922784787039 0.96430934581329686 1.1937346454589781 9.6565988796466193 0.75288213976989982 28.500000000000004
decision_type=2 2 2 2 2 2 2
left_child=1 3 -3 -1 6 -6 -2
right_child=4 2 -4 -5 5 -7 -8
leaf_value=3.1837033736392478e-05 0.011458546914399674 -0.012529255313192437 0.00053754361654880076 0.0052636583796024424 0 -0.010919589045973609 -0.0076918079021419594
leaf_weight=310.07900309562683 16.994545504450802 50.095824629068375 59.238360732793808 330.62912604212761 30.784331098198891 110.43742661178112 7.4046538621187201
leaf_count=1082 64 185 209 1150 118 425 28
internal_value=8.02766e-05 0.00155706 -0.0052976 0.00278631 -0.00636741 -0.00846675 0.00436798
internal_weight=915.663 750.042 109.334 640.708 165.621 141.222 24.3992
internal_count=3261 2626 394 2232 635 543 92
is_linear=0
shrinkage=0.03


Tree=44
num_leaves=8
num_cat=0
split_feature=42 42 20 14 43 43 14
split_gain=91.6442 14.9334 12.4712 5.78465 5.5229 4.77745 4.23365
threshold=-0.097702383774853144 -0.8401377645967657 0.27552479999999985 1.0969756543478264 1329.6212648009007 1386.8618085778332 1.4168104722222223
decision_type=2 2 2 2 2 2 2
left_child=1 6 5 -3 -4 -2 -1
right_child=2 3 4 -5 -6 -7 -8
leaf_value=0 0 -0.0080860974918636717 0.0030567476105095837 0.0059760456651753342 -0.014557760595524579 -0.0081394870656186658 0.016664644391667833
leaf_weight=14.656031310558317 126.3944351375103 25.570616602897644 13.475957840681074 281.38386157155037 250.94892528653145 119.96071273088455 184.07771706581116
leaf_count=43 413 81 45 850 915 398 516
internal_value=-3.66187e-06 0.00900215 -0.00897854 0.00466275 -0.0135313 -0.00390148 0.0154419
internal_weight=1016.47 505.688 510.78 306.954 264.425 246.355 198.734
internal_count=3261 1490 1771 931 960 811 559
is_linear=0
shrinkage=0.03


Tree=45
num_leaves=8
num_cat=0
split_feature=42 42 4 54 59 41 22
split_gain=81.4149 18.2948 12.9499 8.17164 6.35342 5.28573 5.15293
threshold=0.20274417380356449 -0.81225038961375151 1.5587402616487456 1399.3625478907936 34.500000000000007 1.4160616708026894 0.51433902571503187
decision_type=2 2 2 2 2 2 2
left_child=1 6 5 -4 -3 -2 -1
right_child=2 4 3 -5 -6 -7 -8
leaf_value=0.0018132889028390229 -0.0073881983930163785 3.3077928867915135e-06 0.015887349702718462 0.0040509811040998767 -0.0066224800713548804 0.0052550802869320411 -0.015501599057410389
leaf_weight=13.078049957752226 34.283864617347717 239.46609255671501 232.77824488282204 79.354737430810928 261.90399497747421 139.24484434723854 188.44163262844086
leaf_count=37 92 652 626 213 720 373 548
internal_value=-4.02822e-05 -0.00658501 0.00935844 0.0130186 -0.00341081 0.00253053 -0.0142237
internal_weight=1188.55 702.89 485.662 312.133 501.37 173.529 201.52
internal_count=3261 1957 1304 839 1372 465 585
is_linear=0
shrinkage=0.03


Tree=46
num_leaves=8
num_cat=0
split_feature=25 36 58 55 4 12 40
split_gain=9.0862 6.66642 5.52177 4.26726 4.5752 3.9526 2.93802
threshold=1.6972727422886054 1.7757922784787039 42.500000000000007 1352.1005245417384 1.6023339782608699 1.9355831250000002 1.2621215222683349
decision_type=2 2 2 2 2 2 2
left_child=1 2 -1 6 -5 -3 -2
right_child=3 5 -4 4 -6 -7 -8
leaf_value=0.00051817782892159443 0.013503972448453673 -0.016991674250148903 0.0063725141428696737 0.0048363596500580362 -0.010276632599662303 -0.0019766418033991266 -0.0055494692636300687
leaf_weight=405.90625315904617 13.571857362985613 19.376982599496841 235.62289866805077 16.908064767718315 124.81332124769688 89.544386327266693 9.4176092445850355
leaf_count=1415 49 70 817 61 489 324 36
internal_value=9.44159e-05 0.00153026 0.00272812 -0.00620744 -0.00822263 -0.00517647 0.00467878
internal_weight=915.161 750.451 641.529 164.711 141.721 108.921 22.9895
internal_count=3261 2626 2232 635 550 394 85
is_linear=0
shrinkage=0.03


Tree=47
num_leaves=8
num_cat=0
split_feature=42 42 42 44 43 15 28
split_gain=86.3132 13.827 12.1986 6.27094 6.22027 4.56631 4.24452
threshold=-0.097702383774853144 -0.8401377645967657 0.56986978333470406 1413.7514289015116 1385.9958479442673 0.92977516666666693 1.9683214503273831
decision_type=2 2 2 2 2 2 2
left_child=1 6 4 -4 -2 -3 -1
right_child=2 5 3 -5 -6 -7 -8
leaf_value=0.017317836772381641 -0.00016339939204358493 0.011128062406813502 -0.015840322464256276 0 -0.009184348606478444 0.0022855171838165782 0.0053711215921949471
leaf_weight=155.08286651968956 153.73400396108627 72.100942760705948 197.04143702983856 22.757328361272812 133.80544325709343 235.54103645682335 44.695567935705185
leaf_count=433 508 216 730 80 453 715 126
internal_value=-8.49428e-06 0.0086935 -0.00877076 -0.0141324 -0.00449932 0.00451329 0.0148735
internal_weight=1014.76 507.42 507.338 219.799 287.539 307.642 199.778
internal_count=3261 1490 1771 810 961 931 559
is_linear=0
shrinkage=0.03


Tree=48
num_leaves=8
num_cat=0
split_feature=42 26 20 42 37 59 0
split_gain=76.6981 24.2703 8.76585 7.67947 5.77363 5.37473 3.02542
threshold=-0.17445079684782214 1.5947065710297115 -0.35879804999999981 -0.81225038961375151 1.1687760169264163 36.500000000000007 0.68586940000000018
decision_type=2 2 2 2 2 2 2
left_child=3 2 -2 6 -3 -5 -1
right_child=1 4 -4 5 -6 -7 -8
leaf_value=-0.0028562699292852467 -0.011499374402428564 0.0071141837403132027 0.0032340803169369288 -0.0013761249114245596 0.017211668911982742 -0.0099518646874718533 -0.015376826140103475
leaf_weight=27.203958749771118 37.27778884768486 99.811328589916229 408.43556559085846 140.2136538028717 159.08048987388611 141.25941246747971 172.9944135248661
leaf_count=78 102 268 1096 385 430 395 507
internal_value=-4.47665e-05 0.00623047 0.00188896 -0.00927422 0.0135181 -0.0058256 -0.0138689
internal_weight=1186.28 704.605 445.713 481.671 258.892 281.473 200.198
internal_count=3261 1896 1198 1365 698 780 585
is_linear=0
shrinkage=0.03


Tree=49
num_leaves=8
num_cat=0
split_feature=1 23 41 9 1 62 6
split_gain=7.7108 5.56523 7.12091 4.64651 6.37691 5.62903 4.28826
threshold=1.5895907000000002 1.469535727779766 1.0628664161186072 1.258453701210654 1.8507449000000005 13.500000000000002 1.8260775900000004
decision_type=2 2 2 2 2 2 2
left_child=1 6 -3 5 -5 -2 -1
right_child=3 2 -4 4 -6 -7 -8
leaf_value=-0.0001923780069222335 -0.0097130720713046095 -0.0071370244503094595 0.023271104615198362 0.0053161674479949936 -0.0064584298117807571 0.0068427008794254189 0.0054354087696187057
leaf_weight=409.24219743907452 131.1788527816534 6.9275255501270321 21.170087605714798 87.085669010877609 75.233606353402138 17.816394045948982 166.04979509115219
leaf_count=1430 502 25 74 305 281 67 577
internal_value=0.000105368 0.00211398 0.0148011 -0.00368062 0 -0.00747029 0.00139324
internal_weight=914.704 603.39 28.0976 311.315 162.319 148.995 575.292
internal_count=3261 2106 99 1155 586 569 2007
is_linear=0
shrinkage=0.03


Tree=50
num_leaves=8
num_cat=0
split_feature=42 42 42 44 43 4 53
split_gain=81.4691 12.7804 11.7102 6.15398 5.96452 4.63177 3.75572
threshold=-0.097702383774853144 -0.8401377645967657 0.56986978333470406 1413.7514289015116 1385.9958479442673 1.0510332715617718 7.5277777777777786
decision_type=2 2 2 2 2 2 2
left_child=1 6 4 -4 -2 -3 -1
right_child=2 5 3 -5 -6 -7 -8
leaf_value=0.0063425606083273743 -0.00014530493870917887 -0.0024783083012192863 -0.015577477974584678 0 -0.008996181293909741 0.0062727574337341071 0.016985462668519847
leaf_weight=54.512113779783249 153.66607132554054 63.022657662630081 194.66001234948635 22.672363132238388 133.04834476113319 245.23720642924309 146.22712084650993
leaf_count=154 508 192 730 80 453 739 405
internal_value=-1.31978e-05 0.00840677 -0.00857479 -0.013868 -0.00439028 0.0043825 0.0143344
internal_weight=1013.05 508.999 504.047 217.332 286.714 308.26 200.739
internal_count=3261 1490 1771 810 961 931 559
is_linear=0
shrinkage=0.03


Tree=51
num_leaves=8
num_cat=0
split_feature=42 42 26 55 55 62 22
split_gain=72.0534 16.3159 13.6042 7.661 6.70347 5.94828 4.92102
threshold=0.20274417380356449 -0.81225038961375151 1.4868887097181671 1346.660845913462 1379.0015595267903 3.5000000000000004 0.51433902571503187
decision_type=2 2 2 2 2 2 2
left_child=1 6 4 -4 -2 -3 -1
right_child=2 5 3 -5 -6 -7 -8
leaf_value=0.0021465312280006038 0.010721244288660687 0.0078544709073465856 -0.0018383222143029529 0.014629360607445886 -0.00075734403548602294 -0.004208310600490605 -0.014778429559887462
leaf_weight=13.017522901296614 62.744483977556229 36.535769015550613 24.211779862642288 255.75449123978615 141.89905744791031 463.84504187107086 185.80026081204414
leaf_count=37 168 100 65 691 380 1272 548
internal_value=-5.32479e-05 -0.00623347 0.00879094 0.0130959 0.00268656 -0.00324006 -0.0135105
internal_weight=1183.81 699.199 484.61 279.966 204.644 500.381 198.818
internal_count=3261 1957 1304 756 548 1372 585
is_linear=0
shrinkage=0.03


Tree=52
num_leaves=8
num_cat=0
split_feature=26 54 0 30 55 40 45
split_gain=8.31324 8.53598 7.10882 6.12821 6.05267 4.79732 3.84985
threshold=1.394889507726546 1398.7404109286319 1.142312666666667 1.8751675348543972 1431.0296685947831 1.4892368682171686 -7.1960800006986565
decision_type=2 2 2 2 2 2 2
left_child=2 5 6 -3 -4 -2 -1
right_child=1 3 4 -5 -6 -7 -8
leaf_value=-0.0037160282626121695 -0.0035204615832455026 0.0013195012542120076 0.0065072750732224375 0.02990728167380631 -0.012166243455307896 -0.013174350901226173 0.0033626864083868657
leaf_weight=182.37779307365417 170.22378745675087 77.205020278692245 288.10774844884872 5.7879338860511771 13.647712379693983 71.285036325454712 105.53884628415108
leaf_count=644 637 286 983 20 47 277 367
internal_value=0.000119563 -0.00368869 0.00227137 0.00432303 0.00548941 -0.00657795 -0.00101248
internal_weight=914.174 324.502 589.672 82.993 301.755 241.509 287.917
internal_count=3261 1220 2041 306 1030 914 1011
is_linear=0
shrinkage=0.03


Tree=53
num_leaves=8
num_cat=0
split_feature=42 42 53 55 2 42 29
split_gain=77.0045 18.4543 6.50568 8.10987 4.84888 4.01441 3.99507
threshold=-0.35709911024492741 0.23407487320553158 7.4500000000000011 1382.7651861399665 1.9943636250000003 0.960905426922262 1.6593714923134502
decision_type=2 2 2 2 2 2 2
left_child=2 6 3 -1 -4 -3 -2
right_child=1 5 4 -5 -6 -7 -8
leaf_value=-0.0019630048938941245 0.0010166891209949548 -0.0086133482755611068 0.014722474075563331 0.011079675491791395 -0.0045556525381849127 -0.016363538921080192 -0.0076377758978012234
leaf_weight=69.658816874027252 220.00786334276199 234.01483924686909 215.7449763417244 95.605928242206573 9.0755432248115522 108.91956909000874 58.261082619428635
leaf_count=205 704 832 607 280 26 420 187
internal_value=-1.61835e-05 -0.00659891 0.0103704 0.00544511 0.0137787 -0.0112425 -0.000729826
internal_weight=1011.29 621.203 390.085 165.265 224.821 342.934 278.269
internal_count=3261 2143 1118 485 633 1252 891
is_linear=0
shrinkage=0.03


Tree=54
num_leaves=7
num_cat=0
split_feature=42 26 20 2 49 44
split_gain=68.0194 21.7202 8.26597 7.11606 7.35154 5.16904
threshold=-0.17445079684782214 1.5947065710297115 -0.35879804999999981 2.0492849375000008 2.9550000000000005 1401.1614146193456
decision_type=2 2 2 2 2 2
left_child=3 2 -2 4 -1 -3
right_child=1 5 -4 -5 -6 -7
leaf_value=-0.0063260801069620716 -0.011275519052358076 0.015714541993702615 0.0030471642562868882 0.010461131757030019 -0.014535987365015096 0.0056303776146276498
leaf_weight=293.05912125110626 37.194783598184586 177.55775627493858 408.42846357822418 13.695945024490355 171.29628446698189 80.152891486883163
leaf_count=831 102 483 1096 38 496 215
internal_value=-5.78694e-05 0.00584535 0.00173964 -0.00879365 -0.00946832 0.0127612
internal_weight=1181.39 703.334 445.623 478.051 464.355 257.711
internal_count=3261 1896 1198 1365 1327 698
is_linear=0
shrinkage=0.03


Tree=55
num_leaves=8
num_cat=0
split_feature=26 58 26 52 44 55 52
split_gain=7.78999 7.32325 6.45545 6.18746 5.3815 5.29211 4.56786
threshold=1.394889507726546 57.500000000000007 1.2264296459402291 12.450000000000001 1508.5741369189225 1338.4194467900272 4.4142857142857155
decision_type=2 2 2 2 2 2 2
left_child=2 5 6 -3 -4 -2 -1
right_child=1 3 4 -5 -6 -7 -8
leaf_value=0.0040546573573226182 0.015378543628927292 0.0075472734263090672 0.0090082733360589452 -0.014527189666373943 -0.011469312549201159 -0.0071279838146792365 -0.0021765212308258544
leaf_weight=174.00746020674706 7.1574091315269461 70.360765114426613 145.85354608297348 10.965680271387098 9.5897336304187757 234.73474884033203 260.97923317551613
leaf_count=601 26 259 498 44 35 891 907
internal_value=0.000132591 -0.00356327 0.00221165 0.00393358 0.00742476 -0.00621838 0.00025463
internal_weight=913.649 323.219 590.43 81.3264 155.443 241.892 434.987
internal_count=3261 1220 2041 303 533 917 1508
is_linear=0
shrinkage=0.03


Tree=56
num_leaves=8
num_cat=0
split_feature=42 42 42 44 23 59 48
split_gain=72.7611 11.2548 10.921 6.06867 5.88423 5.18287 5.11623
threshold=-0.097702383774853144 -0.8401377645967657 0.56986978333470406 1413.7514289015116 0.63969909770733091 55.500000000000007 1.5150000000000003
decision_type=2 2 2 2 2 2 2
left_child=1 5 6 -4 -3 -1 -2
right_child=2 4 3 -5 -6 -7 -8
leaf_value=0.010105269048564396 -0.00081657438941125067 -0.012008699826386872 -0.01511282316992337 0.00010880143003823376 0.005166224755301021 0.022425691928920036 -0.0092903710376037885
leaf_weight=153.44067877531052 177.43438801169395 16.296504110097885 190.39991493523121 22.399004995822906 293.26563087105751 48.825600743293762 107.53412887454033
leaf_count=425 593 49 730 80 882 134 368
internal_value=-2.26622e-05 0.00787473 -0.00820219 -0.0133848 0.0040945 0.0134166 -0.0041612
internal_weight=1009.6 511.828 497.767 212.799 309.562 202.266 284.969
internal_count=3261 1490 1771 810 931 559 961
is_linear=0
shrinkage=0.03


Tree=57
num_leaves=8
num_cat=0
split_feature=26 11 12 41 49 26 6
split_gain=53.532 24.9876 11.8069 8.64214 7.00102 4.61008 4.12984
threshold=1.5364847234904289 1.5699496000000004 1.7411516250000003 1.4160616708026894 -3.4349999999999996 1.6754269810010254 1.6280589999999999
decision_type=2 2 2 2 2 2 2
left_child=1 3 6 -1 -3 -4 -2
right_child=2 4 5 -5 -6 -7 -8
leaf_value=-0.0038929214330310435 0.015441279125972493 -0.0022768333347780237 -0.0079680763269210624 0.0037311207085877567 -0.013208162033639434 0.0057349233385293828 0.0032396212921176584
leaf_weight=264.84787422418594 199.26412093639374 77.507064074277878 31.447187215089798 266.22377613186836 241.38150808215141 60.918469905853271 37.335253208875656
leaf_count=732 542 219 87 718 697 165 101
internal_value=-6.27979e-05 -0.00406555 0.0101507 -1.50871e-05 -0.0106755 0.000681634 0.0136849
internal_weight=1178.93 849.96 328.965 531.072 318.889 92.3657 236.599
internal_count=3261 2366 895 1450 916 252 643
is_linear=0
shrinkage=0.03


Tree=58
num_leaves=7
num_cat=0
split_feature=26 0 8 26 44 32
split_gain=7.29803 6.76283 6.16091 4.26784 3.908 3.73572
threshold=1.394889507726546 1.142312666666667 2.0194766500000001 1.3030274704655798 1356.9365812932358 0.65975387405362984
decision_type=2 2 2 2 2 2
left_child=1 4 5 -3 -1 -2
right_child=2 3 -4 -5 -6 -7
leaf_value=0.0032584594554156366 0.007001991882221165 0.0031712939589577582 0.017098700686810655 0.012073506387587241 -0.0038297985140012905 -0.005251819655055558
leaf_weight=108.63702473044395 20.510926336050034 236.72488754987717 10.147230356931685 66.298543572425842 179.52129408717155 291.31300450861454
leaf_count=376 78 805 36 225 635 1106
internal_value=0.000144109 0.00215277 -0.00344198 0.00528376 -0.00105006 -0.00431072
internal_weight=913.153 591.182 321.971 303.023 288.158 311.824
internal_count=3261 2041 1220 1030 1011 1184
is_linear=0
shrinkage=0.03


Tree=59
num_leaves=8
num_cat=0
split_feature=35 24 26 44 44 43 27
split_gain=39.4603 22.4431 21.4289 13.5083 5.20819 3.95405 3.84966
threshold=1.5330623551520324 1.4805630367856855 1.4943640069986837 1355.4047363550319 1495.6848110091457 1384.0949390857425 1.2200228132494149
decision_type=2 2 2 2 2 2 2
left_child=1 3 4 -1 -2 -3 -4
right_child=2 5 6 -5 -6 -7 -8
leaf_value=-0.0063313017808722116 0.01015827787252787 -0.0025151938565770439 -0.0087156377095086116 0.0037085353072176222 0.021733049142885635 -0.015107121404482208 0.0027856098966403857
leaf_weight=216.89169625937939 188.16749984025955 34.254880160093307 54.093334898352623 264.36477226018906 53.98521226644516 153.67393226921558 42.4004115909338
leaf_count=733 539 120 179 817 147 592 134
internal_value=-2.74526e-05 -0.00427754 0.0082587 -0.000761596 0.0130185 -0.0130205 -0.00340333
internal_weight=1007.83 669.185 338.646 481.256 242.153 187.929 96.4937
internal_count=3261 2262 999 1550 686 712 313
is_linear=0
shrinkage=0.03


Tree=60
num_leaves=8
num_cat=0
split_feature=20 20 52 49 62 16 25
split_gain=50.3804 17.5278 11.9749 10.0329 8.4925 8.44405 4.49516
threshold=0.25415681500000004 -0.43810839999999979 6.4500000000000011 -3.4349999999999996 3.5000000000000004 0.9801603000000001 1.5577906045602947
decision_type=2 2 2 2 2 2 2
left_child=1 3 6 -1 -3 -4 -2
right_child=2 4 5 -5 -6 -7 -8
leaf_value=0 0.0032705394778960346 0.011350589622084595 -0.0024979774690324541 -0.013839923233803932 -0.002371407100381577 0.013787736714660957 -0.011730465572984775
leaf_weight=58.282838493585587 83.466743260622025 41.807727515697479 28.25574591755867 204.20735019445419 488.93887171149254 250.92574253678322 20.757052659988403
leaf_count=167 224 114 76 600 1341 683 56
internal_value=-6.91088e-05 -0.0044084 0.00880701 -0.0107329 -0.00119564 0.0120267 0
internal_weight=1176.64 793.237 383.405 262.49 530.747 279.181 104.224
internal_count=3261 2222 1039 767 1455 759 280
is_linear=0
shrinkage=0.03


Tree=61
num_leaves=8
num_cat=0
split_feature=26 54 8 0 40 26 6
split_gain=6.87002 8.26078 7.54445 6.47414 4.68088 4.04885 3.77967
threshold=1.394889507726546 1398.7404109286319 1.9093842500000002 1.142312666666667 1.4892368682171686 1.3030274704655798 2.0200099000000007
decision_type=2 2 2 2 2 2 2
left_child=3 4 -3 6 -2 -5 -1
right_child=1 2 -4 5 -6 -7 -8
leaf_value=-0.0028831810811860044 -0.0031802334873404299 0.0012487790991801279 0.032678302059781901 0.0030979514386429733 -0.012772424560819284 0.011758034702243104 0.0053844806148621339
leaf_weight=227.97386607527733 168.43786199390888 76.552845254540443 5.8973332345485678 237.09506419301033 69.937145262956619 66.685881584882736 60.029330134391785
leaf_count=801 637 286 20 805 277 225 210
internal_value=0.000158076 -0.00332898 0.00457271 0.00210389 -0.00620216 0.00516159 -0.00103123
internal_weight=912.609 320.825 82.4502 591.784 238.375 303.781 288.003
internal_count=3261 1220 306 2041 914 1030 1011
is_linear=0
shrinkage=0.03


Tree=62
num_leaves=8
num_cat=0
split_feature=42 42 59 42 29 29 42
split_gain=65.5789 16.1405 6.17458 6.02011 4.38334 3.80481 3.74336
threshold=-0.35709911024492741 0.23407487320553158 10.500000000000002 -1.0657373326846238 1.4966019317812058 1.6593714923134502 0.960905426922262
decision_type=2 2 2 2 2 2 2
left_child=2 5 4 -4 -1 -2 -3
right_child=1 6 3 -5 -6 -7 -8
leaf_value=0.0079614495199894861 0.0009769000362987979 -0.0080671592379025856 0.016514065007810982 0.0076250494860923652 -0.011590568761611773 -0.0074814355668672127 -0.015664417513780438
leaf_weight=17.272478938102722 220.03966322541237 229.79708236455917 116.04445219039917 241.14915210008621 18.962305516004562 57.995339602231979 104.93845921754837
leaf_count=49 704 832 317 697 55 187 420
internal_value=-3.28541e-05 -0.00619258 0.00946793 0.0106723 -0.00155691 -0.000721127 -0.0106169
internal_weight=1006.2 612.771 393.428 357.194 36.2348 278.035 334.736
internal_count=3261 2143 1118 1014 104 891 1252
is_linear=0
shrinkage=0.03


Tree=63
num_leaves=7
num_cat=0
split_feature=42 26 53 2 49 37
split_gain=57.8321 18.4403 7.49553 6.61543 6.83323 5.52248
threshold=-0.17445079684782214 1.5947065710297115 4.366666666666668 2.0492849375000008 2.9550000000000005 1.1687760169264163
decision_type=2 2 2 2 2 2
left_child=3 2 -2 4 -1 -3
right_child=1 5 -4 -5 -6 -7
leaf_value=-0.0058110079910992912 0.0073138634697582075 0.0055664584267483873 -0.00097047221296882986 0.010353882785640896 -0.013770163331981368 0.015378168436294803
leaf_weight=290.83420869708061 139.56877768039703 99.008287817239761 305.73466315865517 13.698900729417799 168.73294493556023 156.71589753031731
leaf_count=831 374 268 824 38 496 430
internal_value=-7.68115e-05 0.00536221 0.00158006 -0.00818518 -0.00884526 0.0117685
internal_weight=1174.29 701.028 445.303 473.266 459.567 255.724
internal_count=3261 1896 1198 1365 1327 698
is_linear=0
shrinkage=0.03


Tree=64
num_leaves=8
num_cat=0
split_feature=25 36 41 58 14 5 46
split_gain=6.67233 5.94374 5.37727 5.11612 3.2179 4.00619 3.46029
threshold=1.6972727422886054 1.7757922784787039 0.96430934581329686 42.500000000000007 1.6567986376811594 1.5592940000000002 5.7659131244215596
decision_type=2 2 2 2 2 2 2
left_child=1 3 -3 -1 5 -2 -6
right_child=4 2 -4 -5 6 -7 -8
leaf_value=0.00038649502445364917 -0.010862124799469079 -0.012119071291574813 0.00071802637394459932 0.0060054309687023258 -0.0079296617253846631 0.0015556412429392761 0.0083335713512178219
leaf_weight=406.96040552854538 90.929023176431656 49.243827164173126 58.94265004992485 237.28598138689995 17.557569116353989 25.30245204269886 25.831357687711716
leaf_count=1415 369 185 209 817 67 100 99
internal_value=0.000172554 0.00138887 -0.00496675 0.00251464 -0.00532163 -0.00792457 0.00103218
internal_weight=912.053 752.433 108.186 644.246 159.62 116.231 43.3889
internal_count=3261 2626 394 2232 635 469 166
is_linear=0
shrinkage=0.03


Tree=65
num_leaves=8
num_cat=0
split_feature=42 45 42 47 23 6 22
split_gain=62.2481 10.7682 9.61103 6.12816 5.61619 3.57245 1.17453
threshold=-0.097702383774853144 117.3099710684328 -0.8401377645967657 3.1208922880365444 0.63969909770733091 1.7132992 2.4083754366771108
decision_type=2 2 2 2 2 2 2
left_child=2 3 5 -2 -4 -1 -3
right_child=1 6 4 -5 -6 -7 -8
leaf_value=0.016478445020480754 -0.008223323709804024 -0.018936415698786225 -0.012039303278746662 -0.00027313109660710765 0.0047491776042200909 0.0074432316371898788 -0.0037828308425294096
leaf_weight=103.70038092136383 259.57918471097946 74.970155835151672 16.298728197813034 143.16459438204765 294.96285879611969 100.18346002697945 11.617008388042448
leaf_count=283 921 300 49 502 882 276 48
internal_value=-3.713e-05 -0.00771323 0.00719793 -0.00548668 0.00370306 0.0122999 -0.0173733
internal_weight=1004.48 489.331 515.145 402.744 311.262 203.884 86.5872
internal_count=3261 1771 1490 1423 931 559 348
is_linear=0
shrinkage=0.03


Tree=66
num_leaves=8
num_cat=0
split_feature=42 42 11 0 40 22 22
split_gain=54.5744 16.0231 7.08267 6.8216 5.84643 4.7469 4.55566
threshold=0.35441215804690057 -0.81225038961375151 1.4190632000000003 1.3143311666666668 1.2240842174931872 0.51433902571503187 0.91188446566078163
decision_type=2 2 2 2 2 2 2
left_child=1 5 -3 6 -5 -1 -2
right_child=3 2 -4 4 -6 -7 -8
leaf_value=0.0033098529919445181 0.0092110392564022075 0.0011726495410736329 -0.0053225318550257526 0.0027996788801209109 0.013799016526466097 -0.013438145228816752 -0.0030594434156089117
leaf_weight=12.793824434280394 44.80902287364006 285.78912547230721 303.78275343775749 64.554127424955368 221.0709587931633 180.38328257203102 58.717463314533234
leaf_count=37 120 778 841 175 604 548 158
internal_value=-7.84582e-05 -0.00466645 -0.00213002 0.00904991 0.0114541 -0.0121527 0.00204118
internal_weight=1171.9 782.749 589.572 389.152 285.625 193.177 103.526
internal_count=3261 2204 1619 1057 779 585 278
is_linear=0
shrinkage=0.03


Tree=67
num_leaves=8
num_cat=0
split_feature=52 53 52 20 49 54 33
split_gain=6.56432 4.56076 4.1923 4.06465 3.68249 2.48321 1.99121
threshold=9.9500000000000011 2.8375000000000004 4.4142857142857155 0.6081189050000001 -0.91499999999999992 1387.3901642954474 1.5930938233882233
decision_type=2 2 2 2 2 2 2
left_child=1 5 -3 4 -2 -1 -5
right_child=3 2 -4 6 -6 -7 -8
leaf_value=0.026242520526317831 -0.0099562434785408684 0.0046007064174602352 -0.00045612672871670525 -0.014951254541355681 0.0068494028868401292 0 0
leaf_weight=8.0218829959630948 18.535909280180931 189.38663604855537 611.55365960299969 44.618003889918327 25.253544554114342 7.9455339610576621 6.2284126281738272
leaf_count=28 73 651 2173 186 97 28 25
internal_value=0.000182974 0.00108709 0.000710707 -0.007172 0 0.0161165 -0.0127782
internal_weight=911.544 816.908 800.94 94.6359 43.7895 15.9674 50.8464
internal_count=3261 2880 2824 381 170 56 211
is_linear=0
shrinkage=0.03


Tree=68
num_leaves=8
num_cat=0
split_feature=42 42 13 54 15 63 44
split_gain=58.766 15.0559 5.29368 7.7937 5.50812 4.36909 4.35439
threshold=-0.35709911024492741 0.44206253355722891 1.5981273700000003 1357.8697384108198 1.0577111666666668 6.5000000000000009 1343.6228034492458
decision_type=2 2 2 2 2 2 2
left_child=2 5 3 -1 -4 -2 -3
right_child=1 6 4 -5 -6 -7 -8
leaf_value=0.025265579882779544 -0.006375576533945335 -0.016011375092314668 0.01633383453035217 0.0011121077068062255 0.0068261525927447936 0.00038442249190756079 -0.0071500706777064254
leaf_weight=11.782317757606505 127.12918743491173 118.87641070783138 120.84217330813408 125.52491229772568 137.23390385508537 235.43687754869461 125.91668418049812
leaf_count=34 417 468 333 367 384 773 485
internal_value=-4.48399e-05 -0.00592755 0.00890061 0.00373304 0.0114848 -0.00192557 -0.0116697
internal_weight=1002.74 607.359 395.383 137.307 258.076 362.566 244.793
internal_count=3261 2143 1118 401 717 1190 953
is_linear=0
shrinkage=0.03


Tree=69
num_leaves=7
num_cat=0
split_feature=42 26 53 2 49 15
split_gain=51.4918 17.0035 7.11095 6.38055 6.55092 4.85641
threshold=-0.17445079684782214 1.5947065710297115 4.366666666666668 2.0492849375000008 2.9550000000000005 1.6440525000000001
decision_type=2 2 2 2 2 2
left_child=3 2 -2 4 -1 -3
right_child=1 5 -4 -5 -6 -7
leaf_value=-0.005453253508510632 0.0070040667990596515 0.0078700456720645021 -0.0010679159531248618 0.010440889688449608 -0.013272589721163793 0.01752008763698484
leaf_weight=289.22264659404755 139.56880265474319 172.20703959465027 305.65892952680588 13.678537756204603 167.00294148921967 82.169006854295731
leaf_count=831 374 470 824 38 496 228
internal_value=-8.43789e-05 0.00504369 0.00141539 -0.00777175 -0.00842646 0.0112166
internal_weight=1169.51 699.604 445.228 469.904 456.226 254.376
internal_count=3261 1896 1198 1365 1327 698
is_linear=0
shrinkage=0.03


Tree=70
num_leaves=8
num_cat=0
split_feature=52 36 14 14 32 3 5
split_gain=6.25887 5.19707 5.87656 3.38668 3.31228 3.10681 2.6847
threshold=9.9500000000000011 1.7757922784787039 1.8404359264587524 1.6567986376811594 1.7628811336107628 2.1308924500000006 1.5592940000000002
decision_type=2 2 2 2 2 2 2
left_child=1 2 -1 6 -3 -5 -2
right_child=3 4 -4 5 -6 -7 -8
leaf_value=0.0014882310917391707 -0.013476525420154543 -0.012597141635621917 0.016118341016136163 -0.0073304924512109359 -0.0010314843703563279 0.011429032833385616 0
leaf_weight=676.16553810238838 53.924043893814087 32.440131202340126 24.309134602546692 13.676206946372988 84.161693379282951 13.17265449464321 13.263203769922255
leaf_count=2368 224 119 85 52 308 52 53
internal_value=0.00019416 0.00107512 0.0020831 -0.00701106 -0.00466031 0.000987715 -0.0105772
internal_weight=911.113 817.076 700.475 94.0361 116.602 26.8489 67.1872
internal_count=3261 2880 2453 381 427 104 277
is_linear=0
shrinkage=0.03


Tree=71
num_leaves=8
num_cat=0
split_feature=45 45 7 7 8 14 44
split_gain=51.8765 11.3291 9.14324 9.13575 7.35807 6.36928 3.75148
threshold=-26.35640836820539 77.996319668426068 1.3812159375000002 1.7878235625000003 1.3295947000000001 1.2943904917592592 1355.4047363550319
decision_type=2 2 2 2 2 2 2
left_child=2 5 4 -4 -1 -2 -3
right_child=1 6 3 -5 -6 -7 -8
leaf_value=0.0046435497875175315 -0.0071715454654910074 -0.015341364377390213 0.015228562983063739 0.0044837455999055774 -0.012131278487703396 0.00035262802640424138 -0.0039628946762465967
leaf_weight=101.66156268119812 185.69997841119766 125.47252203524113 166.27431961894035 144.82765918970108 28.183855146169662 204.04039512574673 44.80837370455265
leaf_count=304 651 497 476 412 82 668 171
internal_value=-4.82962e-05 -0.00612885 0.00759933 0.0103829 0.000646127 -0.00317415 -0.0126021
internal_weight=1000.97 560.021 440.947 311.102 129.845 389.74 170.281
internal_count=3261 1987 1274 888 386 1319 668
is_linear=0
shrinkage=0.03


Tree=72
num_leaves=8
num_cat=0
split_feature=26 11 13 39 2 26 13
split_gain=41.5042 21.8578 12.3186 8.42515 6.90312 5.14516 3.3766
threshold=1.4868887097181671 1.6019696000000001 2.1812811500000007 1.5541947022137526 1.5447488125000002 1.1170091997274043 2.3026594000000005
decision_type=2 2 2 2 2 2 2
left_child=1 3 4 -1 -2 -3 -4
right_child=2 5 6 -5 -6 -7 -8
leaf_value=-0.002976947713649313 -0.0010694550880026572 -0.015343093686583506 -0.021774728811678919 0.0049888929062200807 0.011674949180137967 -0.0065549635738065106 0
leaf_weight=343.80726638436317 38.775569498538971 123.00939020514488 10.012169152498247 180.15455225110054 289.83897870779037 161.80491214990616 19.820614099502563
leaf_count=951 105 368 28 487 797 469 56
internal_value=-8.52422e-05 -0.00387587 0.0083585 -0.000172447 0.010083 -0.0105356 -0.00913518
internal_weight=1167.22 808.776 358.447 523.962 328.615 284.814 29.8328
internal_count=3261 2275 986 1438 902 837 84
is_linear=0
shrinkage=0.03


Tree=73
num_leaves=8
num_cat=0
split_feature=52 44 11 59 58 15 52
split_gain=5.87958 8.6209 5.43924 4.83952 4.45545 3.19107 2.13836
threshold=9.9500000000000011 1471.8988597981422 0.78704720000000006 49.500000000000007 40.500000000000007 2.2620950000000004 10.950000000000001
decision_type=2 2 2 2 2 2 2
left_child=2 5 3 -1 -4 -2 -3
right_child=1 6 4 -5 -6 -7 -8
leaf_value=0.0040828663451835199 -0.012413546366556847 0 -0.0014246011991931485 0.028239147127865884 0.00318502857810603 0.0043391155901236333 0.026106698556149222
leaf_weight=34.531676739454269 74.565768346190453 5.5091665238141996 458.99322724342346 9.810114309191702 314.07864977419376 7.9146639853715888 5.3221883773803711
leaf_count=121 306 21 1622 34 1103 34 20
internal_value=0.000201115 -0.00681014 0.00105276 0.0110626 0.000412849 -0.0103862 0.0154578
internal_weight=910.725 93.3118 817.414 44.3418 773.072 82.4804 10.8314
internal_count=3261 381 2880 155 2725 340 41
is_linear=0
shrinkage=0.03


Tree=74
num_leaves=8
num_cat=0
split_feature=42 42 59 44 34 43 32
split_gain=53.0781 13.9558 5.92333 5.81892 5.06961 4.48213 4.32903
threshold=-0.35709911024492741 0.56986978333470406 55.500000000000007 1413.7514289015116 1.4469705557861119 1403.2184864550702 2.3620736356837342
decision_type=2 2 2 2 2 2 2
left_child=2 6 4 -3 -1 -4 -2
right_child=1 3 5 -5 -6 -7 -8
leaf_value=0.00042815202906086835 -0.0029825392857361541 -0.013915016078913356 0.017380777846546829 0.0012185867790374982 0.0089257686743229436 0 0.013620337011309715
leaf_weight=104.91493612527847 389.17411775887012 179.3650221824646 85.761494636535645 21.714880853891373 193.86922660470009 12.438781440258024 12.152812421321867
leaf_count=306 1294 730 239 80 538 35 39
internal_value=-5.38207e-05 -0.00568942 0.00840842 -0.0121371 0.00606435 0.0149777 -0.00234035
internal_weight=999.391 602.407 396.984 201.08 298.784 98.2003 401.327
internal_count=3261 2143 1118 810 844 274 1333
is_linear=0
shrinkage=0.03


Tree=75
num_leaves=8
num_cat=0
split_feature=20 20 52 49 39 24 44
split_gain=38.4154 13.8731 10.1753 9.45882 6.92903 4.72321 4.65076
threshold=0.25415681500000004 -0.43810839999999979 6.4500000000000011 -3.4349999999999996 1.6164717820815853 1.7138357345889645 1450.0699792211014
decision_type=2 2 2 2 2 2 2
left_child=1 3 5 -1 -3 -2 -4
right_child=2 4 6 -5 -6 -7 -8
leaf_value=0.00060430397738340407 0.0017430704707678615 -0.002961373468648425 0.011677475367773355 -0.012693073075838356 0.0051451270320364414 -0.019448835638243622 -0.0033261029847612717
leaf_weight=57.507903277873993 95.618644535541534 408.54784253239632 259.81277474761009 199.20006170868874 119.82166281342506 8.454223304986952 15.905427277088164
leaf_count=167 257 1130 716 600 325 23 43
internal_value=-9.62346e-05 -0.00390925 0.00768638 -0.00961658 -0.00105398 -2.98502e-05 0.0106862
internal_weight=1164.87 785.077 379.791 256.708 528.37 104.073 275.718
internal_count=3261 2222 1039 767 1455 280 759
is_linear=0
shrinkage=0.03


Tree=76
num_leaves=8
num_cat=0
split_feature=26 54 8 0 55 40 44
split_gain=5.41747 7.8951 6.9873 6.2249 5.71643 4.43534 3.52051
threshold=1.394889507726546 1398.7404109286319 1.9093842500000002 1.142312666666667 1431.0296685947831 1.4892368682171686 1356.9365812932358
decision_type=2 2 2 2 2 2 2
left_child=3 5 -3 6 -5 -2 -1
right_child=1 2 -4 4 -6 -7 -8
leaf_value=0.0029166480620138277 -0.0028118472512139166 0.0015654293262029324 0.031762223986440151 0.0059107354449048381 -0.012229201597963696 -0.012237528183512061 -0.0037855320741749703
leaf_weight=109.46244519948959 166.41032925248146 75.838677316904068 5.9899623692035666 291.50218254327774 13.674930453300474 68.069622546434402 179.22821815311909
leaf_count=376 637 286 20 983 47 277 635
internal_value=0.000215726 -0.00290722 0.0048388 0.00193361 0.00492589 -0.00575534 -0.00113849
internal_weight=910.176 316.309 81.8286 593.868 305.177 234.48 288.691
internal_count=3261 1220 306 2041 1030 914 1011
is_linear=0
shrinkage=0.03


Tree=77
num_leaves=8
num_cat=0
split_feature=45 20 7 7 6 66 45
split_gain=46.9279 17.0837 9.22762 7.06442 5.25415 4.88423 2.99667
threshold=-15.659668177262343 0.27552479999999985 1.3812159375000002 1.7082033750000003 1.3121735000000003 1.0000000180025095e-35 -1.1930891626601576
decision_type=2 2 2 2 2 2 2
left_child=2 5 4 -4 -1 -2 -3
right_child=1 6 3 -5 -6 -7 -8
leaf_value=0.0037576962813232039 -0.0034567736172820603 0 0.014200922509053727 0.0050835465304272772 -0.0087180709868994091 0.0061948787490210379 -0.013552166602852755
leaf_weight=105.15807598829269 232.6290654540062 14.356017723679541 150.54190164804459 190.69465345144272 40.309582471847534 55.630410373210907 208.23165065050125
leaf_count=317 768 52 432 545 119 184 844
internal_value=-5.45115e-05 -0.00642317 0.00656761 0.00925253 2.58332e-05 -0.00146092 -0.0126457
internal_weight=997.551 510.847 486.704 341.237 145.468 288.259 222.588
internal_count=3261 1848 1413 977 436 952 896
is_linear=0
shrinkage=0.03


Tree=78
num_leaves=7
num_cat=0
split_feature=42 26 55 11 2 23
split_gain=43.9852 14.7815 6.78374 6.37342 5.9892 6.18638
threshold=-0.17445079684782214 1.4756148957404991 1346.660845913462 1.6019696000000001 2.0492849375000008 0.66064701213604982
decision_type=2 2 2 2 2 2
left_child=4 3 -3 -2 5 -1
right_child=1 2 -4 -5 -6 -7
leaf_value=0.0031881153164977933 0.0022418762898827557 -0.0037844972006127933 0.010711546746911726 -0.0084454196949320815 0.010380868986897636 -0.0089549241296512337
leaf_weight=36.670264512300491 318.36554476618767 27.976302713155746 293.53950238227844 57.166662216186523 13.674783915281294 415.13577997684479
leaf_count=106 855 76 809 156 38 1221
internal_value=-0.000101881 0.00463598 0.00934186 0.000499382 -0.00725039 -0.00789354
internal_weight=1162.53 697.048 321.516 375.532 465.481 451.806
internal_count=3261 1896 885 1011 1365 1327
is_linear=0
shrinkage=0.03


Tree=79
num_leaves=8
num_cat=0
split_feature=6 18 18 52 44 36 24
split_gain=5.52031 5.54626 5.77545 5.08971 8.62013 4.74671 0.54959
threshold=2.165945900000001 1.9887015500000005 1.6234813000000003 9.9500000000000011 1471.8988597981422 1.7936673299183472 1.1432737304295968
decision_type=2 2 2 2 2 2 2
left_child=3 2 -2 5 -5 -1 -3
right_child=1 6 -4 4 -6 -7 -8
leaf_value=0.0012793877394663511 0.0047853754398273236 0 0.025398899336859009 -0.010876314378276967 0.015783252897204277 -0.0057590042654933398 -0.013580917838090298
leaf_weight=645.03700222074986 49.665232494473457 5.8249281346797925 17.815463364124298 77.968967482447624 10.019468352198599 96.977436572313309 6.3920928537845612
leaf_count=2262 173 20 61 328 38 357 22
internal_value=0.000225842 0.00768885 0.0112337 -0.000471467 -0.00722383 0.000306176 -0.00860706
internal_weight=909.701 79.6977 67.4807 830.003 87.9884 742.014 12.217
internal_count=3261 276 234 2985 366 2619 42
is_linear=0
shrinkage=0.03


Tree=80
num_leaves=8
num_cat=0
split_feature=42 45 35 2 7 45 44
split_gain=48.1803 9.80758 8.35536 8.52301 5.42675 5.09153 2.50968
threshold=-0.097702383774853144 117.3099710684328 1.5330623551520324 2.0725652500000007 1.3812159375000002 -108.29432961103815 1347.3393543366403
decision_type=2 2 2 2 2 2 2
left_child=2 5 4 -4 -1 -2 -3
right_child=1 6 3 -5 -6 -7 -8
leaf_value=-0.0062562521162514212 0.017672905292880941 -0.019772847230075795 0.011071105698834814 -0.012134521293150896 0.004405382192791441 -0.0053772592558901777 -0.0049445156151237089
leaf_weight=51.304665595293045 6.3384336829185477 60.397761404514313 261.10169553756714 12.237923979759215 194.81440529227257 388.29836675524712 21.402821138501167
leaf_count=153 20 258 725 36 576 1403 90
internal_value=-5.73774e-05 -0.00696197 0.00622027 0.00984259 0.00202949 -0.00484416 -0.0164617
internal_weight=995.896 476.437 519.459 273.34 246.119 394.637 81.8006
internal_count=3261 1771 1490 761 729 1423 348
is_linear=0
shrinkage=0.03


Tree=81
num_leaves=8
num_cat=0
split_feature=42 42 1 40 11 22 22
split_gain=41.5374 13.1291 6.77068 6.26777 6.26257 4.5812 4.15327
threshold=0.35441215804690057 -0.81225038961375151 1.3406757 1.2240842174931872 1.4190632000000003 0.51433902571503187 0.90197398990016664
decision_type=2 2 2 2 2 2 2
left_child=1 5 6 -4 -3 -1 -2
right_child=2 4 3 -5 -6 -7 -8
leaf_value=0.0042533726423247802 0.0082052496140835474 0.0012590553514957915 0.0013805376641273012 0.012379025297239502 -0.0048638301025551705 -0.012319113425402317 -0.00478796335196199
leaf_weight=12.597412019968031 35.14057457447052 285.11162433028221 66.9337457716465 231.21254658699036 301.51725354790688 175.48541367053986 52.098458349704742
leaf_count=37 94 778 183 640 841 548 140
internal_value=-0.000104385 -0.0041317 0.00789353 0.0100355 -0.00184287 -0.0110182 0.000176226
internal_weight=1160.1 774.712 385.385 298.146 586.629 188.083 87.239
internal_count=3261 2204 1057 823 1619 585 234
is_linear=0
shrinkage=0.03


Tree=82
num_leaves=8
num_cat=0
split_feature=1 0 23 48 62 46 21
split_gain=4.9076 6.50702 4.45354 3.97251 3.84512 4.58992 4.31644
threshold=1.5895907000000002 1.0534620000000003 1.469535727779766 1.7750000000000001 14.500000000000002 14.786483395897337 0.25744770499999969
decision_type=2 2 2 2 2 2 2
left_child=1 3 -3 -1 6 -6 -2
right_child=4 2 -4 -5 5 -7 -8
leaf_value=-0.0044636091869542415 -0.005942992248241909 0.0033173962500723394 0.016008349639384759 0.0033480463188873769 -0.0016777500538535646 0.02132158266286235 0.0027844567391156713
leaf_weight=169.36981934309006 217.22966267168522 327.08651269972324 27.137689813971519 83.207110315561295 14.825991272926332 10.439476206898687 59.919513404369354
leaf_count=597 844 1121 95 293 56 39 216
internal_value=0.00023599 0.0018208 0.00445831 -0.00176627 -0.00283649 0.007592 -0.00394222
internal_weight=909.216 606.801 354.224 252.577 302.415 25.2655 277.149
internal_count=3261 2106 1216 890 1155 95 1060
is_linear=0
shrinkage=0.03


Tree=83
num_leaves=8
num_cat=0
split_feature=42 42 44 53 3 32 43
split_gain=45.4627 12.4504 5.6257 4.9036 5.0737 4.09972 3.7097
threshold=-0.35709911024492741 0.56986978333470406 1413.7514289015116 9.5277777777777803 1.8325326500000003 2.3620736356837342 1310.1895454875298
decision_type=2 2 2 2 2 2 2
left_child=3 5 -3 6 -5 -2 -1
right_child=1 2 -4 4 -6 -7 -8
leaf_value=0.011407880862525198 -0.0028212125158624092 -0.013335912553270464 0.0016309702520189136 0.014548574116560496 -0.003929873077639175 0.013304907697276196 0.0028954194831045054
leaf_weight=65.807649075984955 387.25681793689728 174.08672142028809 21.456731304526329 118.22865810990334 11.438014507293699 12.214736163616179 203.65274065732956
leaf_count=185 1294 730 80 322 32 39 579
internal_value=-6.39788e-05 -0.00534169 -0.0115419 0.0077166 0.0126558 -0.00218957 0.00515358
internal_weight=994.142 595.015 195.543 399.127 129.667 399.472 269.46
internal_count=3261 2143 810 1118 354 1333 764
is_linear=0
shrinkage=0.03


Tree=84
num_leaves=8
num_cat=0
split_feature=42 42 63 43 23 5 20
split_gain=39.0267 11.1209 6.61558 5.46965 6.17971 4.82054 1.94916
threshold=-0.17445079684782214 0.960905426922262 21.500000000000004 1295.3178295676869 0.66064701213604982 0.81613166666666681 -1.1286973999999999
decision_type=2 2 2 2 2 2 2
left_child=3 2 -2 6 -5 -3 -1
right_child=1 5 -4 4 -6 -7 -8
leaf_value=0 0.0029074235272464996 0.00093318614756438684 -0.015826229066524949 0.0072020273088961801 -0.0065826099782764422 0.014593593510103869 -0.018174112312334099
leaf_weight=6.3484345078468314 530.96114683151245 35.490059971809387 15.13607284426689 28.019546359777451 381.40393966436386 113.82196250557899 46.474724143743515
leaf_count=20 1435 100 41 81 1125 320 139
internal_value=-0.000110459 0.0043498 0.0022776 -0.00687497 -0.00553589 0.0116002 -0.0161261
internal_weight=1157.66 695.409 546.097 462.247 409.423 149.312 52.8232
internal_count=3261 1896 1476 1365 1206 420 159
is_linear=0
shrinkage=0.03


Tree=85
num_leaves=8
num_cat=0
split_feature=6 52 44 41 48 21 44
split_gain=5.27916 4.66746 8.2607 5.24962 3.86281 4.07643 3.27487
threshold=2.165945900000001 9.9500000000000011 1471.8988597981422 0.96430934581329686 -1.7649999999999999 0.17127515000000013 1374.986563597995
decision_type=2 2 2 2 2 2 2
left_child=1 3 -3 -1 5 -2 -6
right_child=4 2 -4 -5 6 -7 -8
leaf_value=-0.0061353159080969029 -0.0011470725660726959 -0.010581267287777496 0.015463796714248079 0.0013168658639242073 0.0093997677884794135 0.020667619703435273 -0.0055060401636705192
leaf_weight=95.46665096282959 6.9805647432804099 76.895323470234871 10.090334594249724 646.37596307694912 23.151090800762177 25.408291667699814 24.400276333093643
leaf_count=350 24 328 38 2269 79 87 86
internal_value=0.000247266 -0.000435727 -0.00694325 0.000303607 0.00753252 0.0153004 0.00123212
internal_weight=908.768 828.828 86.9857 741.843 79.9402 32.3889 47.5514
internal_count=3261 2985 366 2619 276 111 165
is_linear=0
shrinkage=0.03


Tree=86
num_leaves=8
num_cat=0
split_feature=42 45 35 2 31 45 44
split_gain=43.0954 9.44147 7.58332 7.89366 6.78885 4.87277 2.53192
threshold=-0.097702383774853144 117.3099710684328 1.5330623551520324 2.0725652500000007 1.1931406857124001 -108.29432961103815 1347.3393543366403
decision_type=2 2 2 2 2 2 2
left_child=2 5 4 -4 -1 -2 -3
right_child=1 6 3 -5 -6 -7 -8
leaf_value=-0.013427603810683857 0.017398242080332211 -0.019450244913105291 0.010460309225629473 -0.01188904001528404 0.0035061618868148722 -0.0051106467370699111 -0.0045440031523569097
leaf_weight=21.056535691022873 6.3712242543697348 58.820395141839981 262.16007164120674 12.173887640237806 225.6097426712513 385.05180232226849 21.067789316177368
leaf_count=63 20 258 725 36 666 1403 90
internal_value=-6.74914e-05 -0.00665573 0.00583771 0.0092811 0.00184361 -0.00458143 -0.0160926
internal_weight=992.311 471.311 521 274.334 246.666 391.423 79.8882
internal_count=3261 1771 1490 761 729 1423 348
is_linear=0
shrinkage=0.03


Tree=87
num_leaves=8
num_cat=0
split_feature=42 42 1 15 63 22 22
split_gain=37.0654 11.9726 6.39427 7.04145 5.09081 4.40394 3.98308
threshold=0.35441215804690057 -0.81225038961375151 1.3406757 1.404117166666667 7.5000000000000009 0.51433902571503187 0.90197398990016664
decision_type=2 2 2 2 2 2 2
left_child=1 5 6 -4 -3 -1 -2
right_child=2 4 3 -5 -6 -7 -8
leaf_value=0.0044096972636253158 0.0078471153451142844 0.00024598601087461481 0.003493555223771629 0.013382887046200224 -0.0055236021357862224 -0.011843641274324026 -0.0049000218016246669
leaf_weight=12.565710514783857 35.132167369127274 379.59772279858589 119.69218474626541 176.95224130153656 206.04645693302155 173.35055983066559 52.072010785341263
leaf_count=37 94 1049 329 494 570 548 140
internal_value=-0.000113525 -0.00392711 0.0074549 0.00954324 -0.00174476 -0.0105502 0
internal_weight=1155.41 771.56 383.849 296.644 585.644 185.916 87.2042
internal_count=3261 2204 1057 823 1619 585 234
is_linear=0
shrinkage=0.03


Tree=88
num_leaves=8
num_cat=0
split_feature=52 24 42 11 29 23 16
split_gain=4.99925 6.14146 5.65757 9.62148 4.90519 4.42872 2.39095
threshold=4.4142857142857155 0.91661500946289343 -0.66492909746848128 1.6951480000000001 1.7572622024004569 0.7275690944422657 0.86516540000000008
decision_type=2 2 2 2 2 2 2
left_child=2 5 6 -4 -3 -2 -1
right_child=1 4 3 -5 -6 -7 -8
leaf_value=0.0076627054351441131 -0.022308588726859886 -0.00098347878088066339 0.004420938612640259 0.028229760611143864 0.0069118440486586165 -0.0034913165530724862 -0.0052242752741880087
leaf_weight=13.581911772489546 17.109564661979675 575.95257526636124 108.8163033425808 17.203758925199509 78.706891939043999 42.642545580863953 54.306581377983093
leaf_count=49 61 2115 367 57 272 150 190
internal_value=0.000257633 -0.000869248 0.00452899 0.00829581 0 -0.00991332 -0.00207132
internal_weight=908.32 714.412 193.909 126.02 654.659 59.7521 67.8885
internal_count=3261 2598 663 424 2387 211 239
is_linear=0
shrinkage=0.03


Tree=89
num_leaves=8
num_cat=0
split_feature=42 42 23 45 59 47 22
split_gain=40.8879 11.3668 5.32369 5.16654 5.02261 4.18864 1.54466
threshold=0.23407487320553158 -0.8401377645967657 0.63969909770733091 115.0016495918377 55.500000000000007 14.098281486353471 2.4083754366771108
decision_type=2 2 2 2 2 2 2
left_child=1 4 -3 5 -1 -2 -5
right_child=3 2 -4 6 -6 -7 -8
leaf_value=0.0067972146235117954 -0.0082202970433570832 -0.012633899386555564 0.0021426202463388586 -0.017745137164983393 0.018442611559954945 0.0021726168171679414 -0.0014894890944419949
leaf_weight=156.74310308694839 200.59864151477814 20.657821297645569 449.48310996592045 66.617217361927032 49.826601505279541 36.087226897478104 10.601172938942907
leaf_count=425 770 63 1387 296 134 138 48
internal_value=-7.36784e-05 0.0040458 0.00137904 -0.00901876 0.00989995 -0.00650509 -0.0159861
internal_weight=990.615 676.711 470.141 313.904 206.57 236.686 77.2184
internal_count=3261 2009 1450 1252 559 908 344
is_linear=0
shrinkage=0.03


Tree=90
num_leaves=8
num_cat=0
split_feature=42 42 27 11 8 22 22
split_gain=34.8814 11.3564 6.37794 5.8278 5.43143 5.15223 4.26518
threshold=0.35441215804690057 -0.81225038961375151 0.8102489661760256 1.4190632000000003 1.8231791500000003 1.861644862626646 0.51433902571503187
decision_type=2 2 2 2 2 2 2
left_child=1 6 5 -3 -4 -2 -1
right_child=2 3 4 -5 -6 -7 -8
leaf_value=0.0044006187631579147 -0.0064337126888277408 0.0012938891562243649 0.010477170426124564 -0.0046191229017803273 -0.0041058789003498106 0.0078715521865278387 -0.011578906391506411
leaf_weight=12.566863119602202 47.615969985723495 284.85267159342766 274.85848799347878 300.49495822191238 20.923709899187088 39.691679865121841 172.14285004138947
leaf_count=37 130 778 758 841 57 112 548
internal_value=-0.000115008 -0.00381887 0.00723347 -0.00169594 0.00932417 0 -0.0102956
internal_weight=1153.15 770.057 383.09 585.348 295.782 87.3076 184.71
internal_count=3261 2204 1057 1619 815 242 585
is_linear=0
shrinkage=0.03


Tree=91
num_leaves=8
num_cat=0
split_feature=6 18 18 52 44 58 24
split_gain=4.95931 5.2996 5.36863 4.37061 7.92533 4.68043 0.528908
threshold=2.165945900000001 1.9887015500000005 1.6234813000000003 9.9500000000000011 1471.8988597981422 37.500000000000007 1.1432737304295968
decision_type=2 2 2 2 2 2 2
left_child=3 2 -2 5 -5 -1 -3
right_child=1 6 -4 4 -6 -7 -8
leaf_value=-0.0017326626608748716 0.0045215781958425029 0 0.024293630107454209 -0.010342865806378488 0.015100087866123456 0.0030491782102117773 -0.013520056661687737
leaf_weight=418.13997955620289 49.93726871907711 5.8436554968357068 18.133484020829201 76.035113483667374 10.172854185104368 323.32883654534817 6.3723412156105042
leaf_count=1482 173 20 61 328 38 1137 22
internal_value=0.000266223 0.0073101 0.0107599 -0.000396866 -0.0067261 0.000314774 -0.00861211
internal_weight=907.964 80.2867 68.0708 827.677 86.208 741.469 12.216
internal_count=3261 276 234 2985 366 2619 42
is_linear=0
shrinkage=0.03


Tree=92
num_leaves=8
num_cat=0
split_feature=20 45 45 7 16 53 27
split_gain=37.2766 9.27629 7.39749 5.16572 5.12669 4.12192 1.33837
threshold=0.0067602500000001012 -14.196943736593765 117.3099710684328 1.3812159375000002 1.3775496000000003 4.5357142857142865 0.56908856947415243
decision_type=2 2 2 2 2 2 2
left_child=1 3 5 -1 -3 -2 -4
right_child=2 4 6 -5 -6 -7 -8
leaf_value=0.0015515708824810855 -0.0099752783810439314 0.004304186219890171 0 0.0095026391845557789 -0.006189997014353626 -0.0025438947874079692 -0.016593823634837086
leaf_weight=112.36784791946411 101.05433520674706 77.788821831345558 5.0410944372415534 290.02338168025017 83.811358019709587 250.19945883750916 68.604462385177612
leaf_count=323 375 241 23 810 276 904 309
internal_value=-8.01318e-05 0.0049377 -0.00680277 0.00737514 -0.000964217 -0.00481117 -0.0155268
internal_weight=988.891 563.991 424.899 402.391 161.6 351.254 73.6456
internal_count=3261 1650 1611 1133 517 1279 332
is_linear=0
shrinkage=0.03


Tree=93
num_leaves=7
num_cat=0
split_feature=42 26 20 2 23 55
split_gain=32.9802 12.5966 6.15855 5.5028 5.5257 4.04598
threshold=-0.17445079684782214 1.5947065710297115 -0.35879804999999981 2.0492849375000008 0.66064701213604982 1346.660845913462
decision_type=2 2 2 2 2 2
left_child=3 2 -2 4 -1 -3
right_child=1 5 -4 -5 -6 -7
leaf_value=0.00346625880862353 -0.010440644367261392 -0.0015204867064413361 0.0020049701936625821 0.010533956198436584 -0.0080327549180271001 0.010589083591025006
leaf_weight=36.47157821059227 36.806115925312042 22.583672225475311 407.52527791261673 13.639461040496824 407.62230291962624 226.16234558820724
leaf_count=106 102 62 1096 38 1221 636
internal_value=-0.000119466 0.00397736 0.00086466 -0.00637826 -0.00700983 0.00936665
internal_weight=1150.81 693.077 444.331 457.733 444.094 248.746
internal_count=3261 1896 1198 1365 1327 698
is_linear=0
shrinkage=0.03


Tree=94
num_leaves=7
num_cat=0
split_feature=6 38 52 44 58 44
split_gain=4.73552 4.34104 4.165 7.63781 4.49291 3.88779
threshold=2.165945900000001 2.0319094648294462 9.9500000000000011 1471.8988597981422 37.500000000000007 1376.3567408134556
decision_type=2 2 2 2 2 2
left_child=2 5 4 -4 -1 -2
right_child=1 -3 3 -5 -6 -7
leaf_value=-0.0016873510256063538 0.016782743222791059 -0.010223349523726766 -0.010164842655949432 0.014740996679319184 0.0029968202542224806 0.0018678297546425985
leaf_weight=417.63101653754711 34.992232292890549 8.2047372460365278 75.405481487512589 10.255316704511641 323.69694621860981 37.346163377165794
leaf_count=1482 117 28 328 38 1137 131
internal_value=0.000276876 0.00714774 -0.00037174 -0.0065726 0.000320169 0.00974359
internal_weight=907.532 80.5431 826.989 85.6608 741.328 72.3384
internal_count=3261 276 2985 366 2619 248
is_linear=0
shrinkage=0.03


Tree=95
num_leaves=8
num_cat=0
split_feature=42 20 37 2 45 50 22
split_gain=37.0018 10.352 5.64325 5.10855 4.9474 6.56969 1.58175
threshold=0.23407487320553158 -0.41648386999999992 1.1687760169264163 1.9943636250000003 115.0016495918377 8.0886246457221791 2.4083754366771108
decision_type=2 2 2 2 2 2 2
left_child=1 2 -1 -3 5 -2 -6
right_child=4 3 -4 -5 6 -7 -8
leaf_value=0.011759823029072679 0.0096874885038660871 0.0015144561096857403 0.0027637381726497261 -0.012394105360513717 -0.017379299201871579 -0.0077638208502031235 -0.0010271784815308821
leaf_weight=165.81383067369461 18.141965419054031 369.54580894112587 119.12375590205193 23.184899985790253 64.821352258324623 216.18381980061531 10.406601145863531
leaf_count=454 72 1143 337 75 296 836 48
internal_value=-8.50227e-05 0.00380886 0.00814886 0.000558724 -0.00867544 -0.00621521 -0.0155909
internal_weight=987.222 677.668 284.938 392.731 309.554 234.326 75.228
internal_count=3261 2009 791 1218 1252 908 344
is_linear=0
shrinkage=0.03


Tree=96
num_leaves=7
num_cat=0
split_feature=42 26 48 55 2 49
split_gain=30.9844 11.9482 6.75769 6.22317 5.2488 6.14322
threshold=-0.17445079684782214 1.4756148957404991 3.7600000000000002 1346.660845913462 2.0492849375000008 2.9550000000000005
decision_type=2 2 2 2 2 2
left_child=4 2 -2 -3 5 -1
right_child=1 3 -4 -5 -6 -7
leaf_value=-0.0039459414283749827 -0.0018548003344379038 -0.0044781443171477246 0.0079517734008468458 0.0094544680343627684 0.010282088006272283 -0.011581225518259712
leaf_weight=281.98320141434669 297.20906519889832 27.783749729394913 78.017067342996597 289.1316990852356 13.666914492845534 160.57108336687088
leaf_count=831 801 76 210 809 38 496
internal_value=-0.000123301 0.00384709 0.000136005 0.00811851 -0.00620282 -0.00682336
internal_weight=1148.36 692.142 375.226 316.915 456.221 442.554
internal_count=3261 1896 1011 885 1365 1327
is_linear=0
shrinkage=0.03


Tree=97
num_leaves=8
num_cat=0
split_feature=52 47 54 36 25 4 32
split_gain=4.6377 5.72762 6.84135 4.86836 4.65545 5.07993 4.16852
threshold=4.4142857142857155 -6.7322762373986498 1352.0563283103957 1.1012218653733952 0.93113766009417487 1.0665816006944446 2.1795793356470012
decision_type=2 2 2 2 2 2 2
left_child=1 3 -3 -1 6 -6 -2
right_child=4 2 -4 -5 5 -7 -8
leaf_value=0.0058488567689906337 -0.011712579221985903 -0.013705870433413151 0.010618646894595326 -0.0090042993928173519 0.010697971613924202 -0.00070774882072942595 0.010287940542738645
leaf_weight=33.839486628770828 53.079206511378288 8.7111116945743543 111.80423811078072 40.065908998250961 35.234541684389114 618.36647546291351 5.9913440644741049
leaf_count=114 187 30 383 136 123 2266 22
internal_value=0.000284738 0.00439102 0.00842051 -0.00183326 -0.000802655 -1.6366e-05 -0.00872606
internal_weight=907.092 194.421 120.515 73.9054 712.672 653.601 59.0706
internal_count=3261 663 413 250 2598 2389 209
is_linear=0
shrinkage=0.03


Tree=98
num_leaves=8
num_cat=0
split_feature=45 45 16 44 44 8 6
split_gain=34.1067 8.52728 5.90242 5.10628 4.7463 3.60253 3.39411
threshold=-26.35640836820539 117.3099710684328 1.1016911900000002 1347.3393543366403 1488.2764953648268 1.0288751000000003 1.0866796000000003
decision_type=2 2 2 2 2 2 2
left_child=4 2 -2 -3 6 -6 -1
right_child=1 3 -4 -5 5 -7 -8
leaf_value=-0.0034906596533868582 0.0033252930354778971 -0.018973297389225024 -0.0051531170771771644 -0.00045980785695448828 -0.0039329776709009492 0.014217234840692521 0.0053467442338511152
leaf_weight=38.926323235034943 85.907830342650414 56.667377427220345 375.4632238894701 21.917335599660873 7.4812566936016074 81.921848952770233 317.24181663990021
leaf_count=120 287 261 1344 95 22 222 910
internal_value=-8.81113e-05 -0.00517921 -0.00350215 -0.0143217 0.00600997 0.0123174 0.00428303
internal_weight=985.527 539.956 461.371 78.5847 445.571 89.4031 356.168
internal_count=3261 1987 1631 356 1274 244 1030
is_linear=0
shrinkage=0.03


Tree=99
num_leaves=8
num_cat=0
split_feature=42 11 26 43 27 8 25
split_gain=29.5012 10.4968 7.46374 6.44866 6.21958 5.13508 4.74276
threshold=0.35441215804690057 1.5854372900000002 1.3534745685240719 1298.8768339316612 0.8102489661760256 1.8231791500000003 1.7182893398321535
decision_type=2 2 2 2 2 2 2
left_child=1 3 -3 -1 6 -6 -2
right_child=4 2 -4 -5 5 -7 -8
leaf_value=-0.010547168700269166 -0.0075204023285484357 -0.010669795693293471 -0.0012675984316636902 0.0010408407770230394 0.0098550572920435807 -0.0043299602196304604 0.006180682993145975
leaf_weight=46.774788290262222 41.62244325876236 222.61532554030418 127.50018793344498 368.48044317960739 273.12422499060631 20.877063035964966 45.167505025863647
leaf_count=134 113 686 362 1022 758 57 129
internal_value=-0.000125245 -0.00354402 -0.00735768 -0.000236845 0.00665056 0.00872398 -7.35548e-05
internal_weight=1146.16 765.371 350.116 415.255 380.791 294.001 86.7899
internal_count=3261 2204 1048 1156 1057 815 242
is_linear=0
shrinkage=0.03


Tree=100
num_leaves=8
num_cat=0
split_feature=6 18 18 41 41 35 24
split_gain=4.47475 5.055 4.98766 4.24211 8.49452 5.2339 0.506583
threshold=2.165945900000001 1.9887015500000005 1.6234813000000003 0.96430934581329686 0.97694670062728128 1.6736758516268986 1.1432737304295968
decision_type=2 2 2 2 2 2 2
left_child=3 2 -2 5 -5 -1 -3
right_child=1 6 -4 4 -6 -7 -8
leaf_value=0.00050504232583647784 0.0042757072925958418 0 0.023244628843990076 0.025593559422042715 0 -0.012226402014711975 -0.013429297914117316
leaf_weight=50.641769573092461 50.192184194922447 5.8601121008396131 18.439551889896393 9.8931089341640455 710.7701278924942 54.631957307457924 6.3433922231197357
leaf_count=181 173 20 61 35 2560 209 22
internal_value=0.000290957 0.0069562 0.0103108 -0.00034037 0.000448361 -0.00592707 -0.00859296
internal_weight=906.772 80.8352 68.6317 825.937 720.663 105.274 12.2035
internal_count=3261 276 234 2985 2595 390 42
is_linear=0
shrinkage=0.03


Tree=101
num_leaves=8
num_cat=0
split_feature=42 20 39 2 45 50 22
split_gain=33.6665 9.45794 7.46148 4.77924 4.73287 6.38162 1.6021
threshold=0.23407487320553158 -0.41648386999999992 0.90323438327224947 1.9943636250000003 115.0016495918377 8.0886246457221791 2.4083754366771108
decision_type=2 2 2 2 2 2 2
left_child=1 2 -1 -3 5 -2 -6
right_child=4 3 -4 -5 6 -7 -8
leaf_value=0.015802504225514383 0.0097190162261401869 0.0014135502188405932 0.0045205405562517131 -0.012095198900446988 -0.017030335568473057 -0.0074952509703760514 -0.00063208564673002425
leaf_weight=76.6737901866436 18.126064881682396 369.86670249700546 208.84977906942368 22.971814006567001 63.115194827318192 214.07782077789307 10.241033077239988
leaf_count=207 72 1143 584 75 296 836 48
internal_value=-9.19057e-05 0.00360104 0.00774336 0.00049036 -0.00835812 -0.00595187 -0.0152167
internal_weight=983.922 678.362 285.524 392.839 305.56 232.204 73.3562
internal_count=3261 2009 791 1218 1252 908 344
is_linear=0
shrinkage=0.03


Tree=102
num_leaves=8
num_cat=0
split_feature=45 21 10 4 37 4 63
split_gain=25.5681 8.45605 7.00251 4.97056 5.0488 4.72849 4.61454
threshold=-15.659668177262343 -0.05405989999999989 1.6125815000000003 1.5026863196969702 0.70361621660730356 1.953094786184211 7.5000000000000009
decision_type=2 2 2 2 2 2 2
left_child=3 5 -3 6 -5 -2 -1
right_child=1 2 -4 4 -6 -7 -8
leaf_value=-0.0043781503185073064 0.0044237656999985596 0.00288879786083529 -0.0072325941816259558 -0.01477564003636108 0.0033979275010014871 0.012573244684960421 -0.01175352643453704
leaf_weight=247.13779333233833 305.0285410284996 184.40260320901871 89.328630685806274 14.263781905174254 84.502923995256424 90.434123307466507 128.95051419734955
leaf_count=743 833 504 249 41 242 262 387
internal_value=-0.000129065 0.00361796 -0.000333888 -0.00546554 0.000234431 0.00641675 -0.00703511
internal_weight=1144.05 669.194 273.731 474.855 98.7667 395.463 376.088
internal_count=3261 1848 753 1413 283 1095 1130
is_linear=0
shrinkage=0.03


Tree=103
num_leaves=8
num_cat=0
split_feature=11 47 47 6 48 10 38
split_gain=4.56658 4.47551 6.16298 3.93738 4.88108 3.2062 2.01106
threshold=0.78704720000000006 -17.389972471058396 4.7908558494134477 2.165945900000001 -1.7649999999999999 1.0552895 1.448574555917135
decision_type=2 2 2 2 2 2 2
left_child=1 6 -3 5 -5 -2 -1
right_child=3 2 -4 4 -6 -7 -8
leaf_value=0.0087583051247729932 -0.0047035059810511389 0.023759872411928284 -0.0032182999023219225 0.014590118572448954 0 5.4656622250215763e-05 -0.0094914007472474225
leaf_weight=6.2166894823312786 154.37908841669559 22.098803788423542 7.8758443593978873 32.702323213219643 45.657488390803337 625.96079961955547 11.473476007580755
leaf_count=22 558 78 28 110 157 2267 41
internal_value=0.000301857 0.00915906 0.0159752 -0.000175075 0.00610406 -0.000857949 -0.00131629
internal_weight=906.365 47.6648 29.9746 858.7 78.3598 780.34 17.6902
internal_count=3261 169 106 3092 267 2825 63
is_linear=0
shrinkage=0.03


Tree=104
num_leaves=8
num_cat=0
split_feature=42 20 45 6 53 6 11
split_gain=31.9472 10.055 6.49417 5.18741 4.10522 4.10766 3.42102
threshold=-0.35709911024492741 0.24382889999999988 -1.1930891626601576 1.9380246000000005 9.5277777777777803 0.94064830000000021 2.1315841000000004
decision_type=2 2 2 2 2 2 2
left_child=4 3 -3 -2 6 -6 -1
right_child=1 2 -4 -5 5 -7 -8
leaf_value=0.0052891814013864705 0.00029121561891623293 0.00034162756678645756 -0.011503133780175241 -0.010493048286338725 -0.0059104509792669117 0.012349165186394673 -0.0046331409853733446
leaf_weight=240.76652073860168 288.0958164036274 46.125699207186699 201.70821000635624 43.830690786242485 8.6901450455188733 121.85632973909378 31.107469856739044
leaf_count=679 958 164 876 145 24 330 85
internal_value=-9.78292e-05 -0.00462951 -0.00919347 -0.00109732 0.00634731 0.0108365 0.0040188
internal_weight=982.181 579.76 247.834 331.927 402.42 130.546 271.874
internal_count=3261 2143 1040 1103 1118 354 764
is_linear=0
shrinkage=0.03


Tree=105
num_leaves=8
num_cat=0
split_feature=42 42 27 4 28 20 26
split_gain=26.4083 9.27952 6.01736 5.88323 5.4557 4.29074 3.31106
threshold=0.35441215804690057 -0.81225038961375151 0.8102489661760256 1.3786070541958042 0.73162384752484122 0.87596065000000001 1.3534745685240719
decision_type=2 2 2 2 2 2 2
left_child=1 6 5 -4 -3 -2 -1
right_child=2 4 3 -5 -6 -7 -8
leaf_value=-0.010873958553763023 -0.0047144155056751654 0.012914247036968697 -5.4245343560105529e-05 0.010349719943821086 -0.0020773233804805059 0.0097849434428606379 7.0681341643848408e-05
leaf_weight=156.92797213792801 63.18403023481369 20.320049107074738 54.221520453691483 238.67208391427994 562.2940020263195 23.305377453565598 23.06898221373558
leaf_count=511 174 56 145 670 1563 68 74
internal_value=-0.000133071 -0.00337476 0.00628803 0.00833466 -0.00146075 -0.000335553 -0.00932106
internal_weight=1141.99 762.611 379.383 292.894 582.614 86.4894 179.997
internal_count=3261 2204 1057 815 1619 242 585
is_linear=0
shrinkage=0.03


Tree=106
num_leaves=8
num_cat=0
split_feature=52 47 54 3 28 8 4
split_gain=4.24392 5.49587 6.56715 4.9311 4.52722 2.68548 0.565073
threshold=4.4142857142857155 -6.7322762373986498 1352.0563283103957 0.90428530000000007 2.0251173871072337 1.3486230250000002 1.0847247254901962
decision_type=2 2 2 2 2 2 2
left_child=1 5 -3 6 -5 -1 -2
right_child=3 2 -4 4 -6 -7 -8
leaf_value=0.007477313225313845 -0.017907397716412494 -0.013559717091073209 0.010307732409569217 -0.00095671928506303543 0.0083870441807445996 -0.0052545723662393677 0
leaf_weight=16.688348144292831 14.490622490644457 8.65433222055435 112.43647639453411 642.81679308414459 48.1032385379076 57.263394266366959 5.6060217767953864
leaf_count=56 52 30 383 2362 164 194 20
internal_value=0.000310304 0.00422978 0.0081656 -0.000731639 -0.000240563 -0.0018652 -0.0147072
internal_weight=906.059 195.043 121.091 711.017 690.92 73.9517 20.0966
internal_count=3261 663 413 2598 2526 250 72
is_linear=0
shrinkage=0.03


Tree=107
num_leaves=8
num_cat=0
split_feature=42 45 42 45 55 20 22
split_gain=30.402 8.65266 4.7457 4.61213 4.21368 4.00681 1.63282
threshold=0.23407487320553158 -15.659668177262343 -1.0657373326846238 115.0016495918377 1343.7190718288518 0.31123695000000012 2.4083754366771108
decision_type=2 2 2 2 2 2 2
left_child=1 2 -1 4 -2 -3 -5
right_child=3 5 -4 6 -6 -7 -8
leaf_value=0.010777060914531067 0.010868492909949165 0 0.0036778972366363141 -0.016716947437596493 -0.0066392172825062313 -0.011933280081100414 -0.00023520296499725837
leaf_weight=126.38198500871658 10.09494937956333 193.46067997813225 332.91048049926758 61.59420146048069 219.67540356516838 26.339505016803741 10.078979879617689
leaf_count=339 40 613 961 296 868 96 48
internal_value=-0.000101311 0.00338676 0.00573464 -0.00802864 -0.00565343 -0.00139157 -0.0148757
internal_weight=980.536 679.093 459.292 301.444 229.77 219.8 71.6732
internal_count=3261 2009 1300 1252 908 709 344
is_linear=0
shrinkage=0.03


Tree=108
num_leaves=8
num_cat=0
split_feature=26 11 13 49 48 15 13
split_gain=23.9944 13.8979 8.30306 7.21218 6.10586 4.77824 3.18215
threshold=1.5871745195996874 1.6019696000000001 2.1986409999999998 -3.4349999999999996 -4.4249999999999989 1.6440525000000001 2.316853800000001
decision_type=2 2 2 2 2 2 2
left_child=1 4 5 -3 -1 -2 -4
right_child=2 3 6 -5 -6 -7 -8
leaf_value=-0.0045380393495220977 0.0059408980823355776 0 -0.021096465783026715 -0.01042989326217288 0.0022241162163593241 0.015432115035628099 0
leaf_weight=170.08397880196571 171.13551247119904 75.014987170696259 8.6034968197345751 226.8726744055748 394.2560416162014 79.948106348514557 13.819212615489958
leaf_count=472 482 220 24 701 1090 233 39
internal_value=-0.000135153 -0.00260837 0.00755101 -0.00778266 0.000124299 0.00917963 -0.00871577
internal_weight=1139.73 866.228 273.506 301.888 564.34 251.084 22.4227
internal_count=3261 2483 778 921 1562 715 63
is_linear=0
shrinkage=0.03


Tree=109
num_leaves=7
num_cat=0
split_feature=11 32 32 45 0 28
split_gain=4.37309 4.08479 8.58515 4.50684 3.14014 3.94567
threshold=0.78704720000000006 1.1937346454589781 1.2364258199245264 34.349187174549463 0.78236100000000008 0.87603652544775557
decision_type=2 2 2 2 2 2
left_child=4 3 -3 -2 -1 -6
right_child=1 2 -4 -5 5 -7
leaf_value=-0.0064208858896394735 -0.005958203326965443 0.01583634790279128 0.00035856263292593528 0.00098117284776247935 -0.0065321780953492507 0.015974815293386558
leaf_weight=6.4020037055015555 181.84712354838848 32.8833237439394 500.4118432700634 142.80630241334438 5.3350996375083914 36.103889882564545
leaf_count=22 631 117 1805 539 21 126
internal_value=0.000315152 -0.000152042 0.00142458 -0.0028266 0.00896531 0.0122192
internal_weight=905.79 857.949 533.295 324.653 47.841 41.439
internal_count=3261 3092 1922 1170 169 147
is_linear=0
shrinkage=0.03


Tree=110
num_leaves=8
num_cat=0
split_feature=20 20 39 45 6 54 35
split_gain=28.3245 9.40227 7.13765 6.95691 4.34372 4.20896 3.58118
threshold=0.24382889999999988 -0.41648386999999992 0.90323438327224947 -1.1930891626601576 1.9380246000000005 1356.0463957965999 0.80287343867161676
decision_type=2 2 2 2 2 2 2
left_child=1 2 -1 6 -5 -3 -2
right_child=3 5 -4 4 -6 -7 -8
leaf_value=0.014917852532345535 0.016388320870781573 0.008250229327807496 0.0039544464649465313 -0.012577602249418696 0.0019265213278138935 -0.00097266099546483825 -0.002674030632564568
leaf_weight=76.802535742521286 8.8704032599925977 48.241997078061104 213.83494146168232 184.88180159032345 16.189620107412338 387.35498976707458 42.621260330080986
leaf_count=207 31 151 599 819 66 1239 149
internal_value=-0.000103776 0.00287664 0.00703626 -0.00874696 -0.0112546 1.32487e-05 0.000538945
internal_weight=978.798 726.234 290.637 252.563 201.071 435.597 51.4917
internal_count=3261 2196 806 1065 885 1390 180
is_linear=0
shrinkage=0.03


Tree=111
num_leaves=8
num_cat=0
split_feature=42 3 15 53 43 23 8
split_gain=23.8215 8.07012 6.52467 6.06973 5.1426 5.62899 1.02014
threshold=-0.17445079684782214 1.6503547500000002 1.4082816666666667 4.4222222222222234 1295.3178295676869 0.66064701213604982 1.5545783500000001
decision_type=2 2 2 2 2 2 2
left_child=4 3 -3 -2 6 -6 -1
right_child=1 2 -4 -5 5 -7 -8
leaf_value=0 0.0055930688312197281 0.0021502239763639417 0.01143886430122084 -0.0021580356483341589 0.0080387428893269018 -0.0052530043687237862 -0.016266785022221161
leaf_weight=6.7807534635066977 136.43072035908699 141.17056933045387 151.58318090438843 258.88884195685387 27.613165348768234 371.2941477894783 43.931159496307373
leaf_count=21 367 392 436 701 81 1125 138
internal_value=-0.000137345 0.00334155 0.00710649 0.00045617 -0.0055189 -0.00422258 -0.0145997
internal_weight=1137.69 688.073 292.754 395.32 449.619 398.907 50.7119
internal_count=3261 1896 828 1068 1365 1206 159
is_linear=0
shrinkage=0.03


Tree=112
num_leaves=7
num_cat=0
split_feature=11 59 32 32 45 59
split_gain=4.15766 4.9329 3.92082 8.21467 4.38521 2.90572
threshold=0.78704720000000006 49.500000000000007 1.1937346454589781 1.2364258199245264 34.349187174549463 29.500000000000004
decision_type=2 2 2 2 2 2
left_child=1 5 4 -4 -2 -1
right_child=2 -3 3 -5 -6 -7
leaf_value=0.0083911797103295334 -0.0058567440764297962 0.025559947646722241 0.015456647421309489 0.00035996157090958887 0.00099282140664644987 -0.0079141353375006829
leaf_weight=25.777990534901619 181.31804415583611 10.311738401651381 33.112149313092232 500.3306615203619 142.73080585896969 11.966712236404417
leaf_count=91 631 35 117 1805 539 43
internal_value=0.00032045 0.008735 -0.000135451 0.00140731 -0.00276018 0.00232875
internal_weight=905.548 48.0564 857.492 533.443 324.049 37.7447
internal_count=3261 169 3092 1922 1170 134
is_linear=0
shrinkage=0.03


Tree=113
num_leaves=8
num_cat=0
split_feature=42 45 54 33 32 37 41
split_gain=27.5735 8.8061 5.00164 6.33017 5.64089 4.12564 3.17319
threshold=-0.35709911024492741 90.81873131370277 1360.2246059952033 2.0987803219270593 0.91416527961922989 1.3974661253894058 1.0372500383335717
decision_type=2 2 2 2 2 2 2
left_child=2 5 3 -1 -4 -2 -3
right_child=1 6 4 -5 -6 -7 -8
leaf_value=0.019158481830366662 0.00017399164143169768 0.0032750014908764602 -0.0089518295311388513 -0.0027630636847730196 0.0054142379154161887 -0.0054240197466813534 -0.013041883843821003
leaf_weight=45.774791330099106 245.27100551128387 7.9269347190856925 23.359797179698944 12.159101307392119 322.08373847603798 210.48559920489788 110.03291544318199
leaf_count=126 849 31 68 33 891 754 509
internal_value=-0.00010652 -0.00435651 0.00585583 0.0141184 0.00431048 -0.00235825 -0.011659
internal_weight=977.094 573.716 403.377 57.9339 345.444 455.757 117.96
internal_count=3261 2143 1118 159 959 1603 540
is_linear=0
shrinkage=0.03


Tree=114
num_leaves=8
num_cat=0
split_feature=21 3 20 22 18 34 14
split_gain=19.4114 8.86677 6.96806 6.52085 6.46384 4.20406 3.20531
threshold=-0.05405989999999989 1.6503547500000002 -0.29970779999999969 0.52951634151824667 1.0343971550000002 1.404940834528144 1.4314112973913049
decision_type=2 2 2 2 2 2 2
left_child=1 5 3 -2 -4 -1 -3
right_child=2 6 4 -5 -6 -7 -8
leaf_value=0.00284395665326336 0.0076346466031157537 0.012035595489205575 0.0075974524943109543 -0.0089764943733679926 -0.0028310463940774094 -0.0052618386613616447 0.0036034360669107094
leaf_weight=232.44063749909401 19.887558668851852 125.50587514042854 61.929255932569504 235.53423628211021 306.54935196042061 73.043825387954712 80.839458286762238
leaf_count=629 59 365 174 747 851 209 227
internal_value=-0.000138831 0.00415505 -0.00371136 -0.00751732 -0.000965826 0.000786611 0.00894244
internal_weight=1135.73 511.83 623.9 255.422 368.479 305.484 206.345
internal_count=3261 1430 1831 806 1025 838 592
is_linear=0
shrinkage=0.03


Tree=115
num_leaves=8
num_cat=0
split_feature=52 24 4 47 19 36 47
split_gain=4.00157 5.90834 5.88046 5.31421 7.35655 4.60082 3.74906
threshold=4.4142857142857155 0.91661500946289343 1.0665816006944446 -6.7322762373986498 1.5065599181818183 1.1012218653733952 23.612276012017904
decision_type=2 2 2 2 2 2 2
left_child=3 6 -3 5 -5 -1 -2
right_child=1 2 -4 4 -6 -7 -8
leaf_value=0.0055473607916400472 -0.012291307823294934 0.011205928153164397 -0.00057715705959540241 0.0024552874963713052 0.018742049966559877 -0.0088698549813171212 0.0090312737475521307
leaf_weight=34.048023253679276 53.675233215093613 38.577170357108116 612.15091320872307 83.649713858962059 37.826995402574539 39.884907901287079 5.4302495121955863
leaf_count=114 191 134 2253 288 125 136 20
internal_value=0.000328709 -0.000684111 0.000107615 0.00412945 0.00799126 -0.00186404 -0.00960989
internal_weight=905.243 709.834 650.728 195.41 121.477 73.9329 59.1055
internal_count=3261 2598 2387 663 413 250 211
is_linear=0
shrinkage=0.03


Tree=116
num_leaves=8
num_cat=0
split_feature=42 42 23 28 44 2 3
split_gain=26.2157 7.55941 5.12043 4.05625 4.05174 3.17798 2.28779
threshold=0.23407487320553158 -1.0657373326846238 0.63969909770733091 1.7352854097716708 1303.8682399805537 0.99106537500000014 1.14315535
decision_type=2 2 2 2 2 2 2
left_child=1 3 -3 -1 6 -6 -2
right_child=4 2 -4 -5 5 -7 -8
leaf_value=0.013951937350687055 0 -0.011302607619493288 0.0021341160993302096 0.0026487227992278133 0.0094765348528354394 -0.0064622494582779553 -0.018869496616593755
leaf_weight=77.361788094043732 10.318330124020575 24.326153725385666 519.89235801994801 58.268644541501999 8.6110163629055005 237.5552322268486 39.191778093576431
leaf_count=207 39 73 1572 157 31 1000 182
internal_value=-0.000112802 0.00309909 0.0014394 0.00942296 -0.00756989 -0.00571194 -0.0156448
internal_weight=975.525 679.849 544.219 135.63 295.676 246.166 49.5101
internal_count=3261 2009 1645 364 1252 1031 221
is_linear=0
shrinkage=0.03


Tree=117
num_leaves=8
num_cat=0
split_feature=42 42 27 4 62 22 22
split_gain=21.4116 7.80776 5.87727 5.3548 4.95899 4.5443 3.94998
threshold=0.35441215804690057 -0.81225038961375151 0.8102489661760256 1.3786070541958042 3.5000000000000004 1.861644862626646 0.51433902571503187
decision_type=2 2 2 2 2 2 2
left_child=1 6 5 -4 -3 -2 -1
right_child=2 4 3 -5 -6 -7 -8
leaf_value=0.0056653165348415028 -0.0073137679203878949 0.0082120755059128369 -0.00027736629669134063 0.0096427891475270415 -0.002147720605424563 0.0061395247933697496 -0.0098964366846467696
leaf_weight=12.288766801357268 47.188435465097427 42.20994159579277 54.193459451198578 236.40521186590195 538.69440069794655 38.643136531114578 164.09152784943581
leaf_count=37 130 117 145 670 1502 112 548
internal_value=-0.00013902 -0.00306995 0.00566308 0.00770101 -0.00131789 -0.000913376 -0.00859268
internal_weight=1133.71 757.285 376.43 290.599 580.904 85.8316 176.38
internal_count=3261 2204 1057 815 1619 242 585
is_linear=0
shrinkage=0.03


Tree=118
num_leaves=8
num_cat=0
split_feature=52 24 8 47 41 36 47
split_gain=3.81742 5.70964 5.56904 5.09163 7.08664 4.44294 3.66131
threshold=4.4142857142857155 0.91661500946289343 2.0522752500000006 -6.7322762373986498 1.1270733462748417 1.1012218653733952 23.612276012017904
decision_type=2 2 2 2 2 2 2
left_child=3 6 -3 5 -5 -1 -2
right_child=1 2 -4 4 -6 -7 -8
leaf_value=0.0054289260984191727 -0.012126670475988529 -0.000534306090620462 0.011081264142350401 -0.0015784253944731205 0.012966024226043612 -0.008739005963232226 0.0089072374979869036
leaf_weight=34.133091151714325 53.344341516494751 612.94165539741516 37.465070798993111 41.614440962672234 80.268780261278152 39.722903415560722 5.4491150975227347
leaf_count=114 191 2260 127 147 266 136 20
internal_value=0.000334497 -0.000655281 0.000120716 0.00404272 0.00781265 -0.00182521 -0.00945483
internal_weight=904.939 709.2 650.407 195.739 121.883 73.856 58.7935
internal_count=3261 2598 2387 663 413 250 211
is_linear=0
shrinkage=0.03


Tree=119
num_leaves=8
num_cat=0
split_feature=42 45 59 55 44 66 43
split_gain=24.9088 8.30716 5.63945 7.38087 4.0621 3.95607 3.87843
threshold=-0.35709911024492741 117.3099710684328 55.500000000000007 1355.6856265483111 1347.3393543366403 1.0000000180025095e-35 1403.2184864550702
decision_type=2 2 2 2 2 2 2
left_child=2 5 3 -1 -3 -2 -4
right_child=1 4 6 -5 -6 -7 -8
leaf_value=-0.009703498256037035 -0.0040586474303052457 -0.018017134485499464 0.014037364651183305 0.0049982901757653318 -0.00046301925840469473 0.0024460685627795895 -0.0015736048333540671
leaf_weight=31.559725433588028 399.25255738198757 51.839371979236603 87.221534967422485 272.62229466438293 19.971777096390724 98.912508487701416 12.618087410926817
leaf_count=88 1432 260 239 756 93 358 35
internal_value=-0.000118321 -0.00418183 0.00553278 0.00332154 -0.0136863 -0.00270252 0.0117777
internal_weight=973.998 569.976 404.022 304.182 71.8111 498.165 99.8396
internal_count=3261 2143 1118 844 353 1790 274
is_linear=0
shrinkage=0.03


Tree=120
num_leaves=8
num_cat=0
split_feature=26 33 37 53 23 1 32
split_gain=20.3729 11.9982 7.25506 5.28142 4.86608 4.07457 3.46118
threshold=1.5871745195996874 1.5930938233882233 1.1687760169264163 8.2111111111111121 1.4439086133232217 0.72344800000000009 0.55700802479805911
decision_type=2 2 2 2 2 2 2
left_child=1 3 4 -1 -2 -3 -4
right_child=2 5 6 -5 -6 -7 -8
leaf_value=0.00051247018352517932 0.016054685228255539 0.0095122386141316094 -0.0045409751265368201 -0.0099539566844261233 -0.0012929215471681455 -0.0090646495362876837 0.012273284191063431
leaf_weight=583.79383257031441 14.710962474346159 8.0102665126323682 8.1752145886421186 44.711533665657043 99.729783952236176 224.37141564488411 148.19778165221214
leaf_count=1620 41 25 24 135 281 703 432
internal_value=-0.000138965 -0.00242386 0.00697903 -0.000213738 0.000916866 -0.0082206 0.0111586
internal_weight=1131.7 860.887 270.814 628.505 114.441 232.382 156.373
internal_count=3261 2483 778 1755 322 728 456
is_linear=0
shrinkage=0.03


Tree=121
num_leaves=8
num_cat=0
split_feature=11 47 47 32 32 53 38
split_gain=3.96765 4.10127 5.78439 3.77171 7.78005 4.61149 1.94643
threshold=0.78704720000000006 -17.389972471058396 4.7908558494134477 1.1937346454589781 1.2364258199245264 4.9500000000000011 1.448574555917135
decision_type=2 2 2 2 2 2 2
left_child=1 6 -3 5 -5 -2 -1
right_child=3 2 -4 4 -6 -7 -8
leaf_value=0.0083794760248924217 0.0013193577768674824 0.022476275783692205 -0.0034617405263742498 0.015030121931119201 0.0003810644614632936 -0.0057582121995098864 -0.0094901739281822092
leaf_weight=6.2689112275838879 136.57474668323994 22.552039563655857 7.927421808242797 33.358745083212852 499.84476101398468 186.63923521339893 11.459159374237059
leaf_count=22 493 78 28 117 1805 677 41
internal_value=0.000340072 0.00854516 0.0150086 -0.000105675 0.00140635 -0.0026856 -0.00144163
internal_weight=904.625 48.2075 30.4795 856.417 533.204 323.214 17.7281
internal_count=3261 169 106 3092 1922 1170 63
is_linear=0
shrinkage=0.03


Tree=122
num_leaves=8
num_cat=0
split_feature=45 53 7 7 8 37 2
split_gain=23.7235 6.96797 6.34631 8.62033 7.4182 6.16847 5.1053
threshold=-26.35640836820539 4.5357142857142865 1.3812159375000002 1.7369060625000001 1.3295947000000001 1.0759995810131113 1.1082128750000002
decision_type=2 2 2 2 2 2 2
left_child=2 6 4 -4 -1 -3 -2
right_child=1 5 3 -5 -6 -7 -8
leaf_value=0.0031336525311330345 0 0.0029068989807388961 0.012418007795029109 0.002241935840189683 -0.013665989251143583 -0.0049960361237201874 -0.013530086285001693
leaf_weight=102.23669077455997 36.760947823524475 129.36179818212986 149.84168058633804 167.21486780047417 28.407952219247818 254.39020551741123 104.26029495894909
leaf_count=304 127 450 421 467 82 965 445
internal_value=-0.000123937 -0.00447403 0.00490554 0.00719289 -0.000444143 -0.00225295 -0.0101923
internal_weight=972.474 524.773 447.701 317.057 130.645 383.752 141.021
internal_count=3261 1987 1274 888 386 1415 572
is_linear=0
shrinkage=0.03


Tree=123
num_leaves=8
num_cat=0
split_feature=26 11 13 49 48 15 13
split_gain=19.4607 11.4707 7.41827 6.80122 5.77463 4.39004 3.14891
threshold=1.5871745195996874 1.6019696000000001 2.1986409999999998 -3.4349999999999996 -4.4249999999999989 1.6440525000000001 2.316853800000001
decision_type=2 2 2 2 2 2 2
left_child=1 4 5 -3 -1 -2 -4
right_child=2 3 6 -5 -6 -7 -8
leaf_value=-0.0044444119715949084 0.0052814405140644864 0.00035598442370244439 -0.02090376232560779 -0.0097303098356417133 0.0021435809865375634 0.014436544921530691 0
leaf_weight=169.45921251177788 169.57010740041733 74.284436643123627 8.5590043067932147 222.80039083957672 393.15747103095055 78.340830385684967 13.738979935646055
leaf_count=472 482 220 24 701 1090 233 39
internal_value=-0.000138868 -0.00237345 0.00682571 -0.00712247 9.74407e-05 0.00838691 -0.00855884
internal_weight=1129.91 859.702 270.209 297.085 562.617 247.911 22.298
internal_count=3261 2483 778 921 1562 715 63
is_linear=0
shrinkage=0.03


Tree=124
num_leaves=8
num_cat=0
split_feature=11 12 42 32 32 14 16
split_gain=3.77634 3.94304 4.08005 3.61094 7.45276 4.23739 3.19007
threshold=0.78704720000000006 0.82473168750000003 0.80992471453109738 1.1937346454589781 1.2364258199245264 1.286047407873155 2.0033596000000009
decision_type=2 2 2 2 2 2 2
left_child=1 2 -1 5 -5 -2 -3
right_child=3 6 -4 4 -6 -7 -8
leaf_value=-0.0098817213597718195 0 0.022422187262903657 0.01356291758412855 0.014678482046742511 0.00037834355686582803 -0.0069238049216891759 0
leaf_weight=14.632798552513124 198.54665414988995 17.727885216474537 9.1326449513435346 33.570608407258987 499.80122831463814 124.04280808568001 6.9156081527471533
leaf_count=49 717 61 35 117 1805 453 24
internal_value=0.000343546 0.00833079 0 -9.15727e-05 0.00138591 -0.00262036 0.0162635
internal_weight=904.37 48.4089 23.7654 855.961 533.372 322.589 24.6435
internal_count=3261 169 84 3092 1922 1170 85
is_linear=0
shrinkage=0.03


Tree=125
num_leaves=8
num_cat=0
split_feature=20 20 7 9 47 54 44
split_gain=23.0859 7.50578 5.41876 4.37723 4.10348 3.90814 3.46276
threshold=0.24382889999999988 -0.41648386999999992 1.7424491250000003 1.5734110763235842 13.642409264690857 1356.0463957965999 1350.36242742119
decision_type=2 2 2 2 2 2 2
left_child=1 2 -1 4 -2 -3 -5
right_child=3 5 -4 6 -6 -7 -8
leaf_value=0.0094054983584957678 -0.011784036536629183 0.0078894057548100967 0.00064996719267052048 -0.0058195283828425424 0 -0.00099171437247381599 0.010654883747703224
leaf_weight=181.64282141625881 169.13974407315254 48.373128056526184 109.65312007069588 28.478886485099792 31.04627600312233 386.37800633907318 16.359188139438629
leaf_count=505 767 151 301 109 134 1239 55
internal_value=-0.000127631 0.00253016 0.00623883 -0.00808128 -0.00996366 0 0
internal_weight=971.071 726.047 291.296 245.024 200.186 434.751 44.8381
internal_count=3261 2196 806 1065 901 1390 164
is_linear=0
shrinkage=0.03


Tree=126
num_leaves=8
num_cat=0
split_feature=26 11 55 39 13 26 40
split_gain=18.5122 11.2662 7.93767 5.5304 5.30182 4.49957 4.1566
threshold=1.4868887097181671 1.6019696000000001 1347.7025756325409 1.5541947022137526 2.1812811500000007 1.1170091997274043 1.1971833299781314
decision_type=2 2 2 2 2 2 2
left_child=1 3 6 -1 -4 -3 -2
right_child=2 5 4 -5 -6 -7 -8
leaf_value=-0.0023740033396167262 -0.017937925642504706 -0.012324596984421395 0.0083373640926000612 0.0041132663621729591 -0.0051856178911633454 -0.0039677964650223019 0.0012622293325460503
leaf_weight=338.32182705402374 15.872203469276426 113.36741107702255 286.6441171169281 178.95181351900101 24.536197334527969 153.27255460619926 16.977798521518707
leaf_count=951 44 368 823 487 71 469 48
internal_value=-0.000140963 -0.00271222 0.00561306 -6.47484e-05 0.007149 -0.00769784 -0.00765096
internal_weight=1127.94 783.914 344.03 517.274 311.18 266.64 32.85
internal_count=3261 2275 986 1438 894 837 92
is_linear=0
shrinkage=0.03


Tree=127
num_leaves=8
num_cat=0
split_feature=6 18 48 58 48 46 24
split_gain=3.73944 4.72955 4.88519 3.56882 7.03109 4.69283 0.497061
threshold=2.165945900000001 1.9887015500000005 -1.7649999999999999 42.500000000000007 9.4700000000000006 18.617604521016009 1.1432737304295968
decision_type=2 2 2 2 2 2 2
left_child=3 2 -2 5 -5 -1 -3
right_child=1 6 -4 4 -6 -7 -8
leaf_value=-0.0031174860064780928 0.0190538908574787 0 0.0020458407062895405 0.0045842746124525402 -0.0059510806322242852 0.0047803249893221822 -0.013432064372358925
leaf_weight=424.7115438580513 27.876426085829735 5.8694801628589612 41.578845888376236 251.92745625972748 69.676618590950966 76.111822471022606 6.336970329284668
leaf_count=1533 92 20 142 900 262 290 22
internal_value=0.000349348 0.00640542 0.00963424 -0.000229672 0.00218637 -0.00184333 -0.00862491
internal_weight=904.089 81.6617 69.4553 822.427 321.604 500.823 12.2065
internal_count=3261 276 234 2985 1162 1823 42
is_linear=0
shrinkage=0.03


Tree=128
num_leaves=8
num_cat=0
split_feature=20 42 59 66 9 57 47
split_gain=21.911 8.13081 5.70735 4.90704 4.21736 5.4478 3.99637
threshold=0.24382889999999988 -0.35709911024492741 55.500000000000007 1.0000000180025095e-35 1.5734110763235842 8.5000000000000018 13.642409264690857
decision_type=2 2 2 2 2 2 2
left_child=1 2 -1 -3 6 -6 -2
right_child=4 3 -4 -5 5 -7 -8
leaf_value=0.00310011897774405 -0.011589427995161073 -0.0028753052727463228 0.011662431055740925 0.0060542173318113091 0.020245490837481988 -0.0046701242206707233 0
leaf_weight=297.97745954990387 167.44580991566181 263.19348528981209 98.293792247772217 66.858302623033524 7.8913599699735633 36.915536254644394 30.985956370830536
leaf_count=824 767 882 269 221 28 136 134
internal_value=-0.000130985 0.00244947 0.0053472 -0.000950542 -0.00791583 0 -0.0097778
internal_weight=969.562 726.323 396.271 330.052 243.239 44.8069 198.432
internal_count=3261 2196 1093 1103 1065 164 901
is_linear=0
shrinkage=0.03


Tree=129
num_leaves=8
num_cat=0
split_feature=26 33 49 13 42 37 13
split_gain=17.6138 10.459 7.30793 6.82938 4.87379 4.26051 3.08478
threshold=1.5871745195996874 1.5930938233882233 -3.4349999999999996 2.1986409999999998 -0.71614629816792397 1.1687760169264163 2.316853800000001
decision_type=2 2 2 2 2 2 2
left_child=1 4 -3 5 -1 -2 -5
right_child=3 2 -4 6 -6 -7 -8
leaf_value=-0.0072389475126640231 0.0027510761282175332 0.0014331947866934815 -0.010680523789096763 -0.020520124551922005 0.00073183307150885134 0.011313229167383412 0
leaf_weight=76.603887259960175 100.14259371161461 53.787378460168839 175.89799165725708 8.5192367434501666 550.84044393897057 146.33240148425102 13.703841269016264
leaf_count=243 282 162 566 24 1512 433 39
internal_value=-0.000146741 -0.00227499 -0.00772638 0.00649806 -0.000213557 0.00800531 -0.00826101
internal_weight=1125.83 857.13 229.685 268.698 627.444 246.475 22.2231
internal_count=3261 2483 728 778 1755 715 63
is_linear=0
shrinkage=0.03


Tree=130
num_leaves=7
num_cat=0
split_feature=11 59 52 54 52 59
split_gain=3.63351 4.54742 3.35532 6.0506 3.80038 2.73136
threshold=0.78704720000000006 49.500000000000007 6.5277777777777786 1353.3358636897544 6.9500000000000011 29.500000000000004
decision_type=2 2 2 2 2 2
left_child=1 5 3 -2 -4 -1
right_child=2 -3 4 -5 -6 -7
leaf_value=0.0078839685456564574 -0.0091723221325442014 0.02413483912163571 -0.009680710597355896 0.002446041715372695 -0.00089985645496543836 -0.0079260438563443277
leaf_weight=26.04255536198616 41.35854135453701 10.551123842597006 53.141327694058418 472.62284855544567 288.11876510083675 11.959319680929182
leaf_count=91 145 35 187 1629 1131 43
internal_value=0.000355202 0.00817684 -7.1886e-05 0.00142108 -0.00240305 0.00201102
internal_weight=903.794 48.553 855.241 513.981 341.26 38.0019
internal_count=3261 169 3092 1774 1318 134
is_linear=0
shrinkage=0.03


Tree=131
num_leaves=8
num_cat=0
split_feature=45 20 7 7 30 66 56
split_gain=20.8106 10.7731 6.01379 8.05918 6.39669 4.8918 2.73532
threshold=-26.35640836820539 0.27552479999999985 1.3812159375000002 1.7369060625000001 1.1588540905978812 1.0000000180025095e-35 6.5000000000000009
decision_type=2 2 2 2 2 2 2
left_child=2 5 4 -4 -1 -2 -3
right_child=1 6 3 -5 -6 -7 -8
leaf_value=0.0040369792175758354 -0.0026638793716934422 0.0003254750146747133 0.011832130113683089 0.002001546325383212 -0.0095267045179083104 0.0063950580209796801 -0.01071889393006719
leaf_weight=84.084258884191513 253.98939146101475 16.656846776604652 150.20546570420265 167.36137220263481 46.578622281551361 65.030469223856926 183.99664939939976
leaf_count=252 849 75 421 467 134 215 848
internal_value=-0.000130159 -0.00423803 0.00456351 0.00679013 -0.000642786 -0.000695474 -0.00965987
internal_weight=967.903 519.673 448.23 317.567 130.663 319.02 200.653
internal_count=3261 1987 1274 888 386 1064 923
is_linear=0
shrinkage=0.03


Tree=132
num_leaves=7
num_cat=0
split_feature=26 33 45 49 59 2
split_gain=16.678 10.0337 7.04217 5.54183 4.34739 4.09081
threshold=1.4868887097181671 1.5699632320757324 -93.714208101099516 -3.4349999999999996 37.500000000000007 1.5447488125000002
decision_type=2 2 2 2 2 2
left_child=1 4 -2 -3 -1 -4
right_child=2 3 5 -5 -6 -7
leaf_value=0.0015329096740942399 -0.014702801085383211 0 -0.0022827268973195564 -0.010740004223490758 -0.0038661886432063111 0.0074876544802870686
leaf_weight=355.30499416589737 12.429072201251982 51.172233045101166 38.313715547323227 164.26154723763466 210.62232628464699 291.59436243772507
leaf_count=986 38 155 106 535 599 842
internal_value=-0.000148088 -0.0025925 0.00532664 -0.00807851 -0.000430199 0.00625567
internal_weight=1123.7 781.361 342.337 215.434 565.927 329.908
internal_count=3261 2275 986 690 1585 948
is_linear=0
shrinkage=0.03


Tree=133
num_leaves=6
num_cat=0
split_feature=53 52 25 57 18
split_gain=3.55202 3.68344 4.49646 4.41644 2.78899
threshold=2.8375000000000004 4.4142857142857155 0.82412685700826904 17.500000000000004 1.6315032500000002
decision_type=2 2 2 2 2
left_child=4 3 -3 -2 -1
right_child=1 2 -4 -5 -6
leaf_value=0 0.0099843026060032203 -0.014360425585947977 -0.00045631490306983206 0.00020802030803107754 0.024455862899112498
leaf_weight=9.438994303345682 64.94252447783947 19.913826391100883 673.89976723492146 127.6221059858799 7.7325668483972541
leaf_count=33 219 73 2477 432 27
internal_value=0.000357975 4.75287e-05 -0.000938635 0.00372801 0.0131414
internal_weight=903.55 886.378 693.814 192.565 17.1716
internal_count=3261 3201 2550 651 60
is_linear=0
shrinkage=0.03


Tree=134
num_leaves=8
num_cat=0
split_feature=45 14 7 7 2 6 37
split_gain=19.742 6.56261 5.6785 6.74004 5.58103 5.40275 4.07063
threshold=-9.9678630468864622 1.3552466034722224 1.3812159375000002 1.7424491250000003 1.1082128750000002 1.3121735000000003 1.1171405938172325
decision_type=2 2 2 2 2 2 2
left_child=2 4 5 -4 -2 -1 -3
right_child=1 6 3 -5 -6 -7 -8
leaf_value=0.0024542238535419109 0.00024526179355554374 0.0048485458718897437 0.010089830086817277 0.0016692272070281807 -0.0099107926346677054 -0.0098726131386314853 -0.0040842054747164402
leaf_weight=110.54797270894051 55.529153227806091 76.685693010687828 176.71200805902481 185.29243236780167 212.39308275282383 42.027770906686783 107.11142586171627
leaf_count=334 193 263 503 524 919 124 401
internal_value=-0.000131635 -0.00472719 0.00384714 0.005895 -0.0077085 -0.000830992 -0.000183653
internal_weight=966.3 451.719 514.58 362.004 267.922 152.576 183.797
internal_count=3261 1776 1485 1027 1112 458 664
is_linear=0
shrinkage=0.03


Tree=135
num_leaves=8
num_cat=0
split_feature=42 28 27 52 37 32 13
split_gain=15.86 6.20675 5.76708 5.9733 5.46591 5.04 3.02833
threshold=0.35441215804690057 0.72276373036942165 0.8102489661760256 7.2428571428571438 1.0597363326368454 1.3768793005378708 1.7654770666666666
decision_type=2 2 2 2 2 2 2
left_child=1 6 3 -2 -3 -4 -1
right_child=2 4 5 -5 -6 -7 -8
leaf_value=0.021496743643886519 -0.012605794494360929 -0.0063520617496983893 0.0042120095289054915 0.0035978236778579538 -0.00096272174016961509 0.013551756708979179 0
leaf_weight=11.624537140130998 28.658326148986816 294.40438282489777 209.79075801372528 56.19530376791954 434.91542100906372 77.442358106374741 8.8165067732334119
leaf_count=32 78 893 594 164 1254 221 25
internal_value=-0.000150188 -0.00268748 0.00486933 -0.00169361 -0.00319068 0.00691016 0.0126138
internal_weight=1121.85 749.761 372.087 84.8536 729.32 287.233 20.441
internal_count=3261 2204 1057 242 2147 815 57
is_linear=0
shrinkage=0.03


Tree=136
num_leaves=7
num_cat=0
split_feature=14 17 28 27 16 56
split_gain=3.4548 3.44599 3.73789 2.59931 2.24024 0.481503
threshold=2.260931563741424 2.2367598750000002 1.8679864710519221 0.8976309838103872 1.1470849000000003 10.500000000000002
decision_type=2 2 2 2 2 2
left_child=1 2 -1 -3 5 -2
right_child=4 3 -4 -5 -6 -7
leaf_value=0.00029182328997514549 -0.0015969419474302475 0.0068639288785147115 0.006098775564286711 -0.011608495403112828 0.00086945416527113432 -0.019545575854194662
leaf_weight=726.15684387087822 6.3866445124149385 5.0462583005428305 116.39468437433243 31.070405706763268 6.6198901236057273 11.611195951700209
leaf_count=2638 25 20 395 112 25 46
internal_value=0.000361307 0.000714257 0.00114209 -0.00801572 -0.0102164 -0.0154733
internal_weight=903.286 878.668 842.552 36.1167 24.6177 17.9978
internal_count=3261 3165 3033 132 96 71
is_linear=0
shrinkage=0.03


Tree=137
num_leaves=8
num_cat=0
split_feature=42 42 54 50 57 12 21
split_gain=18.9688 6.05042 4.66677 4.20851 3.86401 3.12766 2.81459
threshold=0.23407487320553158 -1.0657373326846238 1357.0627038851287 8.0886246457221791 34.500000000000007 1.4499226250000004 -0.090806150000000085
decision_type=2 2 2 2 2 2 2
left_child=1 4 -3 6 -1 -5 -2
right_child=3 2 -4 5 -6 -7 -8
leaf_value=0.0098362886835151077 -0.00057775855962663685 0.0081822833794258382 0 -0.009777297733340325 -0.0063354968963055865 -0.0016189520539585658 0.019506157944340293
leaf_weight=124.35130453109741 18.750394284725193 70.053506880998611 474.95703484117985 192.45792144536972 11.16645774245262 67.213290423154831 5.865633785724639
leaf_count=334 87 208 1437 859 30 281 25
internal_value=-0.000132701 0.0025546 0.00106794 -0.00664328 0.00821284 -0.00780875 0.00418693
internal_weight=964.816 680.528 545.011 284.287 135.518 259.671 24.616
internal_count=3261 2009 1645 1252 364 1140 112
is_linear=0
shrinkage=0.03


Tree=138
num_leaves=8
num_cat=0
split_feature=26 11 15 49 48 55 15
split_gain=15.41 9.32144 6.67709 6.10225 5.40764 5.15911 3.19562
threshold=1.5871745195996874 1.6019696000000001 1.6440525000000001 -3.4349999999999996 -4.4249999999999989 1347.7025756325409 2.5386766666666674
decision_type=2 2 2 2 2 2 2
left_child=1 4 5 -3 -1 -2 -4
right_child=2 3 6 -5 -6 -7 -8
leaf_value=-0.0043296753098460809 -0.0097033760924498825 0.00060762431500330563 0.015580427343630469 -0.0089793216900901432 0.0020557532577831876 0.0047267103046519298 0
leaf_weight=168.90053495764732 22.785464346408844 73.839347302913666 69.864580243825912 218.5202701240778 392.23253035545349 164.2346895635128 9.8577655255794507
leaf_count=472 64 220 211 701 1090 473 30
internal_value=-0.00014894 -0.00214326 0.00608908 -0.00646842 7.19208e-05 0.00272585 0.013352
internal_weight=1120.24 853.493 266.742 292.36 561.133 187.02 79.7223
internal_count=3261 2483 778 921 1562 537 241
is_linear=0
shrinkage=0.03


Tree=139
num_leaves=8
num_cat=0
split_feature=6 41 41 35 48 54 28
split_gain=3.39743 3.80361 8.13123 5.00683 3.25974 3.64441 2.56704
threshold=2.165945900000001 0.96430934581329686 0.97694670062728128 1.6736758516268986 -1.7649999999999999 1394.6824453099159 2.2081850835702075
decision_type=2 2 2 2 2 2 2
left_child=1 3 -3 -1 5 -2 -6
right_child=4 2 -4 -5 6 -7 -8
leaf_value=0.00075341508694995582 0 0.025074515978894714 9.4528886098891107e-05 -0.011782354592573065 0.0069550054839945035 0.020240682891167993 -0.006262508078379905
leaf_weight=50.286422282457352 12.847165822982786 9.9786504507064802 707.23326694965363 53.540217578411102 26.541241049766541 20.827517822384834 21.887127697467804
leaf_count=181 43 35 2560 209 90 68 75
internal_value=0.00036098 -0.000191485 0.000552552 -0.00552792 0.00611556 0.0130464 0.00037501
internal_weight=903.142 821.039 717.212 103.827 82.1031 33.6747 48.4284
internal_count=3261 2985 2595 390 276 111 165
is_linear=0
shrinkage=0.03


Tree=140
num_leaves=8
num_cat=0
split_feature=20 42 45 59 9 35 8
split_gain=18.3014 6.78851 5.79465 5.50083 4.59712 3.45495 2.82957
threshold=0.24382889999999988 -0.35709911024492741 -1.1930891626601576 55.500000000000007 1.6854342353603604 0.80287343867161676 0.76592925000000001
decision_type=2 2 2 2 2 2 2
left_child=1 3 5 -1 -3 -2 -4
right_child=2 4 6 -5 -6 -7 -8
leaf_value=0.00264594224577683 0.016602968879168352 0.00056683604893314977 0.0024711603042235492 0.011024404009795383 -0.008851494631338705 -0.0020978526094283345 -0.010767149269094395
leaf_weight=298.39346188306808 8.8109277784824354 276.16393172740936 11.17972396314144 98.451387375593185 53.143922716379166 41.765608295798302 175.54459398984909
leaf_count=824 31 929 56 269 174 149 829
internal_value=-0.00013423 0.00219982 -0.00736061 0.00484459 -0.000906809 0.00109706 -0.00979778
internal_weight=963.454 726.153 237.301 396.845 329.308 50.5765 186.724
internal_count=3261 2196 1065 1093 1103 180 885
is_linear=0
shrinkage=0.03


Tree=141
num_leaves=8
num_cat=0
split_feature=42 2 53 15 43 23 48
split_gain=14.3738 6.65428 5.60859 5.17389 5.01056 5.15175 0.93835
threshold=-0.17445079684782214 1.5545536875000001 4.4222222222222234 1.6486958333333337 1295.3178295676869 0.66064701213604982 -12.854999999999999
decision_type=2 2 2 2 2 2 2
left_child=4 2 -2 -3 6 -6 -1
right_child=1 3 -4 -5 5 -7 -8
leaf_value=0 0.0047341816207949888 0.0026515116909709602 -0.0032498125726972749 0.010746323411601425 0.0087034132911983034 -0.0041404400126039565 -0.015137191584899873
leaf_weight=7.0001309514045706 120.12739869952202 225.21936905384064 220.40706619620323 114.38696971535683 27.255762308835983 362.06094525754452 41.922322154045105
leaf_count=23 324 637 599 336 81 1125 136
internal_value=-0.000151144 0.00254874 -0.000334588 0.0055128 -0.00440201 -0.0031247 -0.0134556
internal_weight=1118.38 680.141 340.534 339.606 438.239 389.317 48.9225
internal_count=3261 1896 923 973 1365 1206 159
is_linear=0
shrinkage=0.03


Tree=142
num_leaves=7
num_cat=0
split_feature=11 59 32 32 45 59
split_gain=3.44587 4.28496 3.49982 7.06314 4.59193 2.64593
threshold=0.78704720000000006 49.500000000000007 1.1937346454589781 1.2364258199245264 62.595484242954633 29.500000000000004
decision_type=2 2 2 2 2 2
left_child=1 5 4 -4 -2 -1
right_child=2 -3 3 -5 -6 -7
leaf_value=0.0077169331782931767 -0.0050130059297109611 0.023369953943390635 0.014309439768899803 0.00041709567110132314 0.0025057995332171739 -0.007850200277121475
leaf_weight=26.126489967107773 220.06712394952774 10.680369034409521 33.76857516169548 498.76815859973431 101.5008700042963 11.915788665413855
leaf_count=91 776 35 117 1805 394 43
internal_value=0.000365786 0.0079678 -5.04318e-05 0.00140439 -0.00254621 0.00194316
internal_weight=902.827 48.7226 854.105 532.537 321.568 38.0423
internal_count=3261 169 3092 1922 1170 134
is_linear=0
shrinkage=0.03


Tree=143
num_leaves=8
num_cat=0
split_feature=20 42 45 59 66 15 50
split_gain=17.3788 6.41709 5.59841 5.29413 4.6095 3.24706 2.69305
threshold=0.24382889999999988 -0.35709911024492741 -1.1930891626601576 55.500000000000007 1.0000000180025095e-35 1.0919940000000004 8.0886246457221791
decision_type=2 2 2 2 2 2 2
left_child=1 3 5 -1 -3 -2 -4
right_child=2 4 6 -5 -6 -7 -8
leaf_value=0.0025435557171490622 0.013620004523695542 -0.0027651976087837734 1.3752549338117507e-05 0.010761533739599862 0.0058856972474628138 -0.0027382413901378909 -0.010787320364296889
leaf_weight=298.49341529607773 12.467945858836172 262.13592423498631 17.39841428399086 98.525570780038834 67.003054812550545 38.110989704728127 167.73590910434723
leaf_count=824 44 882 85 269 221 136 800
internal_value=-0.000136569 0.00213123 -0.0072083 0.00470186 -0.000888621 0.00108827 -0.00962265
internal_weight=961.871 726.158 235.713 397.019 329.139 50.5789 185.134
internal_count=3261 2196 1065 1093 1103 180 885
is_linear=0
shrinkage=0.03


Tree=144
num_leaves=8
num_cat=0
split_feature=26 33 13 2 53 0 13
split_gain=14.1243 8.77507 6.35608 4.67842 4.05444 3.9014 3.26221
threshold=1.4868887097181671 1.5699632320757324 2.1812811500000007 1.5447488125000002 4.366666666666668 0.50686893333333338 2.3026594000000005
decision_type=2 2 2 2 2 2 2
left_child=1 4 3 -2 -1 -3 -4
right_child=2 5 6 -5 -6 -7 -8
leaf_value=0.0037145973171410669 -0.0029809026639663655 0.012034435463360041 -0.020324102180798803 0.0076126071172187178 -0.0019744598216672989 -0.0083930116060273348 0
leaf_weight=151.37077051401138 37.94365867972374 5.8846199512481681 9.6058202683925646 272.9769441485405 413.03728005290031 206.71464741230011 19.081675946712494
leaf_count=412 105 18 28 797 1173 672 56
internal_value=-0.000153031 -0.00240899 0.00490456 0.00621315 -0.000387996 -0.00758091 -0.00778116
internal_weight=1116.62 777.007 339.608 310.921 564.408 212.599 28.6875
internal_count=3261 2275 986 902 1585 690 84
is_linear=0
shrinkage=0.03


Tree=145
num_leaves=6
num_cat=0
split_feature=53 52 54 24 54
split_gain=3.36433 3.47071 5.68892 5.55841 2.00672
threshold=2.8375000000000004 4.4142857142857155 1352.0563283103957 0.91661500946289343 1387.3901642954474
decision_type=2 2 2 2 2
left_child=4 2 -2 -3 -1
right_child=1 3 -4 -5 -6
leaf_value=0.021253115276964957 -0.014472925934354498 -0.0097359444816118752 0.0051239104474402608 -2.9432532175590253e-05 0
leaf_weight=8.9686473011970538 11.79250645637512 56.596085876226425 181.06722468137741 635.84390124678612 8.3179849535226804
leaf_count=31 41 205 610 2345 29
internal_value=0.000370954 6.66523e-05 0.00363545 -0.000891742 0.0127767
internal_weight=902.586 885.3 192.86 692.44 17.2866
internal_count=3261 3201 651 2550 60
is_linear=0
shrinkage=0.03


Tree=146
num_leaves=8
num_cat=0
split_feature=20 42 45 6 14 28 35
split_gain=16.48 6.13458 5.40962 4.18011 3.63614 3.45318 3.32917
threshold=0.24382889999999988 -1.0657373326846238 -1.1930891626601576 1.9380246000000005 1.1715270169842587 1.7352854097716708 0.80287343867161676
decision_type=2 2 2 2 2 2 2
left_child=1 5 6 -4 -3 -1 -2
right_child=2 4 3 -5 -6 -7 -8
leaf_value=0.01195687100309472 0.016258530307484788 -0.0043777685766578645 -0.010854807800888312 0.0038338161055936864 0.0017897937357926022 0.0015661549282147272 -0.0020536970154015517
leaf_weight=77.077200025320053 8.8716079890727979 100.6551007181406 168.33893840014935 15.213784933090208 490.53905920684338 57.98637330532074 41.696364343166351
leaf_count=207 31 346 819 66 1487 156 149
internal_value=-0.000139631 0.00206192 -0.00705565 -0.00944746 0.000677928 0.00780268 0.00108464
internal_weight=960.378 726.258 234.121 183.553 591.194 135.064 50.568
internal_count=3261 2196 1065 885 1833 363 180
is_linear=0
shrinkage=0.03


Tree=147
num_leaves=8
num_cat=0
split_feature=21 48 59 22 45 4 38
split_gain=12.9218 5.78146 6.79554 5.76309 6.19816 5.52744 2.97093
threshold=-0.05405989999999989 5.3100000000000014 57.500000000000007 0.51433902571503187 -62.219837186326906 1.423411632379793 1.1456235818317055
decision_type=2 2 2 2 2 2 2
left_child=1 5 -3 6 -5 -1 -2
right_child=3 2 -4 4 -6 -7 -8
leaf_value=-0.0024467673888584466 0 0.013120477636533063 -0.0018157638383352541 -0.008125670006553648 -0.0014665293552694725 0.0047375672199101585 0.01861501521309121
leaf_weight=171.74185118079185 12.073773056268694 92.02463111281395 33.407937079668045 196.10173045098782 388.99480780959129 206.59802544116974 13.70971432328224
leaf_count=475 36 265 97 650 1106 593 39
internal_value=-0.000155112 0.00336613 0.00894085 -0.00310942 -0.00376959 0.00140175 0.00998475
internal_weight=1114.65 503.772 125.433 610.88 585.097 378.34 25.7835
internal_count=3261 1430 362 1831 1756 1068 75
is_linear=0
shrinkage=0.03


Tree=148
num_leaves=8
num_cat=0
split_feature=11 47 47 32 32 45 38
split_gain=3.29432 3.78423 5.36112 3.36694 6.7286 4.47605 1.82598
threshold=0.78704720000000006 -17.389972471058396 4.7908558494134477 1.1937346454589781 1.2364258199245264 62.595484242954633 1.448574555917135
decision_type=2 2 2 2 2 2 2
left_child=1 6 -3 5 -5 -2 -1
right_child=3 2 -4 4 -6 -7 -8
leaf_value=0.0075851681184302541 -0.0049280865182365846 0.021074854414463162 -0.0036969728495650379 0.013948842643768418 0.00042320129626791141 0.0024983616336829019 -0.0095239197315286819
leaf_weight=6.3904615789651897 219.48515075445175 23.045718684792522 7.973195642232894 33.981373101472855 498.54230983555317 101.47647640109062 11.458008632063864
leaf_count=22 776 78 28 117 1805 394 41
internal_value=0.000372849 0.00779349 0.0139606 -3.41884e-05 0.00139139 -0.00248629 -0.00173968
internal_weight=902.353 48.8674 31.0189 853.485 532.524 320.962 17.8485
internal_count=3261 169 106 3092 1922 1170 63
is_linear=0
shrinkage=0.03


Tree=149
num_leaves=8
num_cat=0
split_feature=53 26 53 25 52 16 15
split_gain=12.7677 10.8942 6.72521 6.67687 4.17529 3.03169 1.84101
threshold=4.5357142857142865 1.4943640069986837 9.5277777777777803 1.0378002174192542 3.2111111111111117 0.88296360000000018 0.78341450000000012
decision_type=2 2 2 2 2 2 2
left_child=3 2 -2 4 -1 -3 -5
right_child=1 5 -4 6 -6 -7 -8
leaf_value=-0.015900350179863777 0.0018038226027099649 0.0034599443112424458 0.0099391160093767819 0.00019326056904084895 0.003912747317303125 -0.0063365797795177734 -0.012914601506625309
leaf_weight=9.629152759909628 481.29191862046719 28.780069321393967 116.1212885081768 5.6478053182363501 51.408627301454544 162.74198713898659 103.14574654400349
leaf_count=32 1481 100 315 22 170 686 455
internal_value=-0.000139451 0.0014393 0.00346304 -0.00757935 0 -0.00468889 -0.0119722
internal_weight=958.767 788.935 597.413 169.831 61.0378 191.522 108.794
internal_count=3261 2582 1796 679 202 786 477
is_linear=0
shrinkage=0.03


Tree=150
num_leaves=8
num_cat=0
split_feature=26 35 15 55 40 52 15
split_gain=12.9199 7.36966 6.30342 4.913 4.27503 3.82922 3.22109
threshold=1.5871745195996874 1.5330623551520324 1.6440525000000001 1347.7025756325409 0.81937748963899681 5.1269841269841274 2.2620950000000004
decision_type=2 2 2 2 2 2 2
left_child=1 4 3 -2 -1 -3 -4
right_child=2 5 6 -5 -6 -7 -8
leaf_value=0.012874233166444737 -0.00984104048214577 -0.011522165874013472 0.01629952729956494 0.0042887997791513305 -0.00073978495180633172 -0.0031233805309638933 0.00084569092760185878
leaf_weight=19.416571944952011 22.702631443738937 88.395194798707962 57.643218785524368 163.10443070530891 598.99575173854828 141.95833800733089 20.848650693893433
leaf_count=58 64 302 176 473 1670 453 65
internal_value=-0.000155678 -0.00198653 0.005582 0.00231621 -0.00022386 -0.00654686 0.0126905
internal_weight=1113.06 848.766 264.299 185.807 618.412 230.354 78.4919
internal_count=3261 2483 778 537 1728 755 241
is_linear=0
shrinkage=0.03


Tree=151
num_leaves=8
num_cat=0
split_feature=6 18 18 41 41 35 2
split_gain=3.23193 4.41512 4.51138 3.59962 7.80108 4.8458 0.258426
threshold=2.165945900000001 1.9887015500000005 1.6234813000000003 0.96430934581329686 0.97694670062728128 1.6736758516268986 1.1921041875000002
decision_type=2 2 2 2 2 2 2
left_child=3 2 -2 5 -5 -1 -3
right_child=1 6 -4 4 -6 -7 -8
leaf_value=0.00079074910077931283 0.0034039307293437459 0 0.021142826023589183 0.024472118851566468 0.00010770021700605885 -0.011568758232454998 -0.012624367976538256
leaf_weight=50.225955739617348 51.091994032263756 6.2061289846897107 19.025332570075989 10.085299551486967 706.53591153025627 53.029060527682304 5.9573756009340286
leaf_count=181 173 21 61 35 2560 209 21
internal_value=0.000377022 0.00598173 0.00908598 -0.000162139 0.000559491 -0.00537096 -0.00855096
internal_weight=902.157 82.2808 70.1173 819.876 716.621 103.255 12.1635
internal_count=3261 276 234 2985 2595 390 42
is_linear=0
shrinkage=0.03


Tree=152
num_leaves=8
num_cat=0
split_feature=45 42 7 7 8 15 22
split_gain=15.0856 6.81185 5.29072 7.4397 7.16124 3.8957 3.18353
threshold=-26.35640836820539 0.80992471453109738 1.3812159375000002 1.7878235625000003 1.3295947000000001 1.010543666666667 2.4083754366771108
decision_type=2 2 2 2 2 2 2
left_child=2 5 4 -4 -1 -2 -3
right_child=1 6 3 -5 -6 -7 -8
leaf_value=0.0024448644249496325 0.0035108537310932129 -0.012850382355927611 0.010159617887785738 0.00073945033303971278 -0.014026823960157069 -0.0034517496881141803 0.00076691160918861113
leaf_weight=102.38050158321857 87.539029732346535 86.095602855086327 170.59928524494171 147.73768496513367 28.341343522071838 321.13705560564995 13.551412567496298
leaf_count=304 296 458 476 412 82 1160 73
internal_value=-0.000143108 -0.00370582 0.00382183 0.00591336 -0.00105783 -0.00187746 -0.0107247
internal_weight=957.382 508.323 449.059 318.337 130.722 408.676 99.647
internal_count=3261 1987 1274 888 386 1456 531
is_linear=0
shrinkage=0.03


Tree=153
num_leaves=8
num_cat=0
split_feature=42 62 39 15 16 55 41
split_gain=11.7609 5.10429 5.40772 4.45482 6.44928 4.53503 4.18269
threshold=0.35441215804690057 3.5000000000000004 1.6430279273461201 1.404117166666667 1.9753118000000003 1347.7025756325409 0.98461289048955858
decision_type=2 2 2 2 2 2 2
left_child=1 6 -3 5 -5 -2 -1
right_child=3 2 -4 4 -6 -7 -8
leaf_value=-0.0076351241579152521 -0.013885489267623626 -0.0042184519884121956 0.0031465903258373245 0.010281696121995908 0 0.0019931725207752607 0.010371976857888845
leaf_weight=11.86794403195381 16.654436051845551 586.8311857432127 99.578343868255615 152.21688824892044 79.283939808607101 120.03881904482841 44.990716829895973
leaf_count=39 46 1754 281 443 227 341 130
internal_value=-0.000155297 -0.00235194 -0.00310038 0.00418675 0.00670529 0 0.00597199
internal_weight=1111.46 743.268 686.41 368.194 231.501 136.693 56.8587
internal_count=3261 2204 2035 1057 670 387 169
is_linear=0
shrinkage=0.03


Tree=154
num_leaves=7
num_cat=0
split_feature=62 6 24 58 47 23
split_gain=3.13022 3.63213 5.4069 3.42473 6.04506 2.88438
threshold=14.500000000000002 2.0083533000000009 1.1342890598499362 42.500000000000007 -18.766824737570115 0.85285963775573115
decision_type=2 2 2 2 2 2
left_child=3 2 -2 5 -5 -1
right_child=1 -3 -4 4 -6 -7
leaf_value=-0.006536034219474538 -0.0077618094040253598 0.025868571988549111 0.010093760867893353 0.013227489893210804 0.00063144148524015378 -0.00053271506357959082
leaf_weight=89.207111150026321 20.968238055706024 6.2818784564733496 38.721853613853455 37.968491703271866 291.64671388268471 417.11417560279369
leaf_count=316 73 21 144 134 1051 1522
internal_value=0.00037803 0.00657627 0.00328678 -8.98609e-05 0.00224388 -0.00167099
internal_weight=901.908 65.972 59.6901 835.936 329.615 506.321
internal_count=3261 238 217 3023 1185 1838
is_linear=0
shrinkage=0.03


Tree=155
num_leaves=8
num_cat=0
split_feature=45 45 7 7 7 33 58
split_gain=14.3244 5.40697 5.07815 7.15927 5.09642 4.4629 2.5716
threshold=-26.35640836820539 117.3099710684328 1.3812159375000002 1.7082033750000003 1.2217029375000001 0.82959512061806795 11.500000000000002
decision_type=2 2 2 2 2 2 2
left_child=2 5 4 -4 -1 -2 -3
right_child=1 6 3 -5 -6 -7 -8
leaf_value=0.0038205633362432597 -0.010306928716360561 0.0043071494090939442 0.010869487136549163 0.0015770671576545445 -0.0078614612988945187 -0.0010763793184440068 -0.013403873009627268
leaf_weight=73.976212963461876 53.886188447475433 4.6456770449876776 138.80791607499123 179.70310711860657 56.704882368445396 386.95496068894863 61.307563319802284
leaf_count=222 220 21 387 501 164 1411 335
internal_value=-0.000144874 -0.00362547 0.00371424 0.00576288 -0.00106446 -0.00231387 -0.0116248
internal_weight=955.987 506.794 449.192 318.511 130.681 440.841 65.9532
internal_count=3261 1987 1274 888 386 1631 356
is_linear=0
shrinkage=0.03


Tree=156
num_leaves=8
num_cat=0
split_feature=21 42 22 43 32 21 46
split_gain=11.4642 6.08607 5.60112 6.4258 5.0946 4.68578 3.24061
threshold=-0.05405989999999989 0.4996587917716801 0.51433902571503187 1297.5288588709909 1.3768793005378708 -0.10622365000000003 -12.404446283427658
decision_type=2 2 2 2 2 2 2
left_child=1 5 6 -4 -3 -1 -2
right_child=2 4 3 -5 -6 -7 -8
leaf_value=-0.0018388509703205029 0 0.0036781122469349394 -0.014310507084359363 -0.0025819236822215174 0.013831575008769872 0.010269419789439675 0.02035053890822508
leaf_weight=213.52707448601723 14.044058799743654 194.25285205245018 45.655187636613846 536.72553656995296 63.13499253988266 31.104602545499802 11.708950310945509
leaf_count=593 41 564 151 1605 185 88 34
internal_value=-0.000152591 0.00316734 -0.00294379 -0.00359854 0.00637177 -0.000106868 0.00997409
internal_weight=1110.15 502.02 608.134 582.381 257.388 244.632 25.753
internal_count=3261 1430 1831 1756 749 681 75
is_linear=0
shrinkage=0.03


Tree=157
num_leaves=6
num_cat=0
split_feature=53 52 55 3 18
split_gain=3.17768 3.25699 5.63033 4.03206 2.59522
threshold=2.8375000000000004 4.4142857142857155 1372.6954476781823 0.90428530000000007 1.6315032500000002
decision_type=2 2 2 2 2
left_child=4 2 -2 -3 -1
right_child=1 3 -4 -5 -6
leaf_value=0 0.01221382874156225 -0.013796113881911909 0.00031687111770685195 -0.00039482984302371515 0.023171519772965821
leaf_weight=9.4981795847415942 48.218746066093445 19.131322652101517 144.94413509964943 672.07418659329414 7.9080454856157294
leaf_count=33 162 71 489 2479 27
internal_value=0.000379405 8.15133e-05 0.00353513 -0.000847764 0.0124005
internal_weight=901.775 884.368 193.163 691.206 17.4062
internal_count=3261 3201 651 2550 60
is_linear=0
shrinkage=0.03


Tree=158
num_leaves=8
num_cat=0
split_feature=20 37 66 53 52 13 32
split_gain=13.9298 5.35419 6.07947 5.4849 3.60567 4.31279 3.82592
threshold=0.24382889999999988 1.1687760169264163 1.0000000180025095e-35 7.1500000000000012 6.4500000000000011 1.4480001500000002 1.2881191478913208
decision_type=2 2 2 2 2 2 2
left_child=1 3 -3 -1 6 -6 -2
right_child=4 2 -4 -5 5 -7 -8
leaf_value=0.00014188919341609797 -0.0041476966494721152 -0.0026917640295098895 0.0067347757055997307 0.0077596268944331625 -0.012138090649701795 0 0.012927460047912389
leaf_weight=161.77253532409668 62.112235710024834 289.32051588594913 75.36307455599308 199.15941251814365 114.34002456068993 40.501848220825195 12.217243850231169
leaf_count=488 249 917 234 557 578 191 47
internal_value=-0.000149659 0.00185677 -0.000635816 0.00444755 -0.00659341 -0.0091945 -0.000682898
internal_weight=954.787 725.616 364.684 360.932 229.171 154.842 74.3295
internal_count=3261 2196 1151 1045 1065 769 296
is_linear=0
shrinkage=0.03


Tree=159
num_leaves=8
num_cat=0
split_feature=26 33 49 15 55 53 15
split_gain=11.6533 7.49132 6.52842 5.96894 4.6109 4.24327 3.13962
threshold=1.5871745195996874 1.5930938233882233 -3.4349999999999996 1.6440525000000001 1347.7025756325409 8.3166666666666682 2.2620950000000004
decision_type=2 2 2 2 2 2 2
left_child=1 5 -3 4 -2 -1 -5
right_child=3 2 -4 6 -6 -7 -8
leaf_value=0.00047421626231015517 -0.0096382044241378733 0.0020889871206362831 -0.009469041844413181 0.015852541895500529 0.0040589962311991072 -0.0092453449846657768 0.00057735837432839406
leaf_weight=581.91357880830765 22.69183287024498 53.004291534423828 169.77756318449974 56.948467254638672 162.3361251950264 41.305640816688538 20.721108138561249
leaf_count=1627 64 162 566 176 473 128 65
internal_value=-0.000151692 -0.00189285 -0.00659157 0.0053142 0.00213366 -0.000149506 0.0122707
internal_weight=1108.7 846.001 222.782 262.698 185.028 623.219 77.6696
internal_count=3261 2483 728 778 537 1755 241
is_linear=0
shrinkage=0.03


Tree=160
num_leaves=7
num_cat=0
split_feature=14 6 16 4 16 56
split_gain=3.08207 3.41719 4.1456 3.06587 2.16691 0.526762
threshold=2.260931563741424 2.165945900000001 1.34020878 0.97953366607142855 1.1470849000000003 10.500000000000002
decision_type=2 2 2 2 2 2
left_child=1 3 -3 -1 5 -2
right_child=4 2 -4 -5 -6 -7
leaf_value=-0.006088293686370116 -0.0011051477876306349 0.014997589412332098 0.00045082189985872715 0.00066613861279985495 0.001144362746423766 -0.019153098303976674
leaf_weight=63.748464018106461 6.2640166282653871 30.174118116497993 49.447904109954834 734.19469191133976 6.5539662092924109 11.252360492944716
leaf_count=224 25 101 164 2676 25 46
internal_value=0.000379215 0.000711533 0.00656352 7.5145e-05 -0.00971095 -0.0150108
internal_weight=901.636 877.565 79.622 797.943 24.0703 17.5164
internal_count=3261 3165 265 2900 96 71
is_linear=0
shrinkage=0.03


Tree=161
num_leaves=8
num_cat=0
split_feature=20 42 45 23 57 41 8
split_gain=13.3008 5.1628 4.87562 4.02693 3.6351 3.42439 2.84631
threshold=0.24382889999999988 -1.0657373326846238 -1.1930891626601576 0.63969909770733091 34.500000000000007 1.4212655568592083 0.76592925000000001
decision_type=2 2 2 2 2 2 2
left_child=1 4 5 -3 -1 -2 -4
right_child=2 3 6 -5 -6 -7 -8
leaf_value=0.0086816897809856106 0.0079952709487125118 -0.010434019110376795 0.0038210001837879252 0.0011287466518971243 -0.0070475071195408327 -0.0070846923319049472 -0.0098234265288643669
leaf_weight=123.6049599647522 29.772844642400742 26.1993418186903 10.628307119011877 564.72136391699314 11.151269376277922 20.52105738222599 166.9991252720356
leaf_count=333 105 80 56 1753 30 75 829
internal_value=-0.000150888 0.00180469 -0.00646926 0.000532031 0.00707668 0.00123299 -0.00880655
internal_weight=953.598 725.677 227.921 590.921 134.756 50.2939 177.627
internal_count=3261 2196 1065 1833 363 180 885
is_linear=0
shrinkage=0.03


Tree=162
num_leaves=8
num_cat=0
split_feature=26 35 15 49 55 40 15
split_gain=11.0971 6.3692 5.78494 5.49019 4.43509 4.24909 3.04627
threshold=1.5871745195996874 1.5330623551520324 1.6440525000000001 -3.4349999999999996 1347.7025756325409 0.81937748963899681 2.2620950000000004
decision_type=2 2 2 2 2 2 2
left_child=1 5 4 -3 -2 -1 -4
right_child=2 3 6 -5 -6 -7 -8
leaf_value=0.012851995947590726 -0.0094774398958844559 0.0018862062441366433 0.015601718267186031 -0.0086779613168477508 0.0039530665514062938 -0.00072688615275877855 0.0005223072890180524
leaf_weight=19.401407331228256 22.703713327646255 52.429927974939346 56.600764960050583 175.27825558185577 162.10244417190552 597.80044463276863 20.694492429494858
leaf_count=58 64 162 176 593 473 1670 65
internal_value=-0.000149663 -0.00184988 0.00519007 -0.00611971 0.00205871 -0.000211459 0.0120578
internal_weight=1107.01 844.91 262.101 227.708 184.806 617.202 77.2953
internal_count=3261 2483 778 755 537 1728 241
is_linear=0
shrinkage=0.03


Tree=163
num_leaves=6
num_cat=0
split_feature=53 17 28 27 18
split_gain=3.06624 3.1034 3.0834 2.7051 2.46565
threshold=2.8375000000000004 2.2367598750000002 1.8679864710519221 0.8976309838103872 1.6315032500000002
decision_type=2 2 2 2 2
left_child=4 2 -2 -3 -1
right_child=1 3 -4 -5 -6
leaf_value=0 -0.00020652001155621811 0.0068499045733778491 0.0049311840903936612 -0.012076124628702636 0.022599702038050035
leaf_weight=9.4925972819328326 729.49023225903511 5.0360627025365821 119.23567628860474 30.227491319179535 7.9898339211940756
leaf_count=33 2668 20 403 110 27
internal_value=0.00037941 8.55329e-05 0.000489897 -0.0083456 0.0121651
internal_weight=901.472 883.989 848.726 35.2636 17.4824
internal_count=3261 3201 3071 130 60
is_linear=0
shrinkage=0.03


Tree=164
num_leaves=8
num_cat=0
split_feature=20 37 66 7 44 52 7
split_gain=12.6246 5.02421 5.84935 5.49663 4.16134 4.79971 2.28178
threshold=0.24382889999999988 1.1687760169264163 1.0000000180025095e-35 1.3812159375000002 1303.8682399805537 6.1269841269841274 1.7925268125000002
decision_type=2 2 2 2 2 2 2
left_child=1 3 -3 -1 6 -6 -2
right_child=4 2 -4 -5 5 -7 -8
leaf_value=-0.00051324473542546949 -0.020626634652824601 -0.0026879570484098104 0.0065489366004795393 0.0069965340231960193 0.0029455041765958441 -0.0072639659753545279 0
leaf_weight=128.35479559004307 24.039840161800388 289.07196298241615 75.520523518323898 232.71431367099285 51.585399255156517 144.70644694566727 6.215083807706832
leaf_count=385 133 917 234 660 198 705 29
internal_value=-0.000153854 0.0017461 -0.000667531 0.00425617 -0.00633297 -0.00442698 -0.0167275
internal_weight=952.208 725.662 364.592 361.069 226.547 196.292 30.2549
internal_count=3261 2196 1151 1045 1065 903 162
is_linear=0
shrinkage=0.03


Tree=165
num_leaves=8
num_cat=0
split_feature=26 11 55 48 54 26 15
split_gain=10.5654 7.32408 6.64379 4.53697 4.35821 4.33349 3.33989
threshold=1.4868887097181671 1.6019696000000001 1347.7025756325409 -4.4249999999999989 1337.9504400135952 1.1170091997274043 1.5635050000000004
decision_type=2 2 2 2 2 2 2
left_child=1 3 6 -1 -4 -3 -2
right_child=2 5 4 -5 -6 -7 -8
leaf_value=-0.0042537975529221284 -0.013124931449259039 -0.010839839989692861 -0.0099288213928294903 0.0018332818428018719 0.0065192281173606223 -0.0025721728557943496 0.0068519106268526628
leaf_weight=157.03029611706734 25.680971682071686 108.0557366758585 12.120196282863615 356.72735548019409 290.59224703907967 148.43767108023167 6.735948532819747
leaf_count=442 72 368 35 996 859 469 20
internal_value=-0.000148952 -0.00210912 0.00425304 0 0.00570137 -0.00622816 -0.0079453
internal_weight=1105.38 770.251 335.129 513.758 302.712 256.493 32.4169
internal_count=3261 2275 986 1438 894 837 92
is_linear=0
shrinkage=0.03


Tree=166
num_leaves=8
num_cat=0
split_feature=62 48 56 1 0 58 8
split_gain=3.03395 5.10979 6.61705 3.83843 7.01916 3.35842 2.69278
threshold=14.500000000000002 -0.29499999999999993 11.500000000000002 1.5895907000000002 1.0534620000000003 59.500000000000007 1.5811268500000002
decision_type=2 2 2 2 2 2 2
left_child=3 2 -2 4 -1 -5 -3
right_child=1 6 -4 5 -6 -7 -8
leaf_value=-0.0026062700107881099 -0.00082713835745666534 -0.0086373830276078485 0.023892356142369089 -0.0049045629073219653 0.0041056726049010003 0.0028269947854447195 0.0077670292688375156
leaf_weight=234.39942672848701 12.666646286845205 19.654748946428299 21.368057250976562 208.19010436534882 332.82168236374855 59.822052016854286 12.39073286950588
leaf_count=827 45 75 75 829 1136 231 43
internal_value=0.000380097 0.00647647 0.0143247 -8.07093e-05 0.0012799 -0.00305957 -0.00132961
internal_weight=901.313 66.0802 34.0347 835.233 567.221 268.012 32.0455
internal_count=3261 238 120 3023 1963 1060 118
is_linear=0
shrinkage=0.03


Tree=167
num_leaves=8
num_cat=0
split_feature=20 42 54 57 9 57 16
split_gain=12.0347 4.75536 4.74811 3.47807 3.43067 5.15269 3.45487
threshold=0.24382889999999988 -1.0657373326846238 1357.0627038851287 34.500000000000007 1.5734110763235842 8.5000000000000018 1.1087124000000002
decision_type=2 2 2 2 2 2 2
left_child=1 3 -3 -1 6 -6 -2
right_child=4 2 -4 -5 5 -7 -8
leaf_value=0.0083347158658642895 0 0.0074893492643255287 -0.00050240230547823092 -0.0070428456208296237 0.020599067712380396 -0.0036768034563261238 -0.010113621750203026
leaf_weight=123.45580726861954 37.890791207551956 74.208330199122429 516.90867125988007 11.148145467042921 7.7895871400833121 35.587860733270645 144.03514663875103
leaf_count=333 162 224 1609 30 28 136 739
internal_value=-0.000155715 0.00169445 0.000472166 0.00675704 -0.00620971 0.000737221 -0.00801921
internal_weight=951.024 725.721 591.117 134.604 225.303 43.3774 181.926
internal_count=3261 2196 1833 363 1065 164 901
is_linear=0
shrinkage=0.03


Tree=168
num_leaves=8
num_cat=0
split_feature=26 33 49 13 53 37 13
split_gain=9.95396 6.61512 6.14713 5.47359 3.96208 3.45437 2.91694
threshold=1.5871745195996874 1.5930938233882233 -3.4349999999999996 2.1986409999999998 8.3166666666666682 1.1687760169264163 2.316853800000001
decision_type=2 2 2 2 2 2 2
left_child=1 4 -3 5 -1 -2 -5
right_child=3 2 -4 6 -6 -7 -8
leaf_value=0.00047139006574782046 0.0015848584680152747 0.0022056527476648838 -0.0090330976774507313 -0.020272426038736913 -0.0089513883766333402 0.0093612059299718001 0
leaf_weight=581.32525940239429 98.412524491548538 52.854593485593796 167.63510352373123 8.4270590692758578 41.012991160154343 140.35305091738701 13.608264446258543
leaf_count=1627 282 162 566 24 128 433 39
internal_value=-0.000153218 -0.00176532 -0.00620856 0.00491623 -0.000128219 0.0063204 -0.00831048
internal_weight=1103.63 842.828 220.49 260.801 622.338 238.766 22.0353
internal_count=3261 2483 728 778 1755 715 63
is_linear=0
shrinkage=0.03


Tree=169
num_leaves=8
num_cat=0
split_feature=11 47 47 11 36 48 38
split_gain=3.00725 3.64085 5.10731 3.35693 4.97741 3.81598 1.73792
threshold=0.78704720000000006 -17.389972471058396 4.7908558494134477 1.2371718000000003 1.1754706872845599 9.8600000000000012 1.448574555917135
decision_type=2 2 2 2 2 2 2
left_child=1 6 -3 4 -2 -5 -1
right_child=3 2 -4 5 -6 -7 -8
leaf_value=0.0070975798448982856 -0.00026992244471985612 0.020383524123931795 -0.0037143871807447633 0.0021179419913971479 -0.0098875945398549919 -0.0052966902815617996 -0.0094831837497885239
leaf_weight=6.4609127789735821 195.25014199316502 23.281029224395756 7.9657418876886359 523.69220943748951 65.717732667922974 67.238424122333527 11.431900992989538
leaf_count=22 707 78 28 1891 242 252 41
internal_value=0.000381842 0.0074497 0.013484 -7.21e-06 -0.00286274 0.00120866 -0.00187631
internal_weight=901.038 49.1396 31.2468 851.899 260.968 590.931 17.8928
internal_count=3261 169 106 3092 949 2143 63
is_linear=0
shrinkage=0.03


Tree=170
num_leaves=8
num_cat=0
split_feature=45 20 7 8 7 48 44
split_gain=11.7634 6.6905 4.65315 6.90678 6.86077 3.64916 3.38494
threshold=-26.35640836820539 0.27552479999999985 1.3812159375000002 1.3295947000000001 1.7082033750000003 -10.784999999999998 1303.8682399805537
decision_type=2 2 2 2 2 2 2
left_child=2 5 3 -1 -4 -2 -3
right_child=1 6 4 -5 -6 -7 -8
leaf_value=0.0021880674644819266 -0.015965960955628834 -0.017857961430411618 0.010284202487791997 -0.013992847029084064 0.0012037057227507872 0 -0.0057392184793952526
leaf_weight=102.37717859447002 11.305734187364576 27.298347622156143 138.87032169103622 28.240534901618958 179.7288074195385 305.33441111445427 156.52447965741158
leaf_count=304 41 152 387 82 501 1023 771
internal_value=-0.0001528 -0.00333982 0.00333037 -0.00124242 0.00529473 -0.000580972 -0.00787317
internal_weight=949.68 500.463 449.217 130.618 318.599 316.64 183.823
internal_count=3261 1987 1274 386 888 1064 923
is_linear=0
shrinkage=0.03


Tree=171
num_leaves=8
num_cat=0
split_feature=42 62 43 23 27 44 62
split_gain=8.89943 5.70447 4.79 4.67391 4.42295 3.47669 1.05789
threshold=-0.17445079684782214 3.5000000000000004 1295.3178295676869 0.66064701213604982 0.8102489661760256 1311.8250971490013 8.5000000000000018
decision_type=2 2 2 2 2 2 2
left_child=2 5 6 -4 -3 -2 -1
right_child=1 4 3 -5 -6 -7 -8
leaf_value=-0.014499513333589571 -0.0028766538100868989 -0.0042728931182328608 0.0090369009616829751 -0.0032901449265735632 0.0022806653292468497 0.014281875590471234 0
leaf_weight=39.157738223671913 9.3110120594501478 109.147794932127 27.017244130373001 354.64544984698296 506.90900006890297 47.49211972951889 8.1638617366552335
leaf_count=131 27 311 81 1125 1423 135 28
internal_value=-0.000151695 0.00197083 -0.00354416 -0.00229678 0.00106095 0.0109569 -0.0124953
internal_weight=1101.84 672.86 428.984 381.663 616.057 56.8031 47.3216
internal_count=3261 1896 1365 1206 1734 162 159
is_linear=0
shrinkage=0.03


Tree=172
num_leaves=7
num_cat=0
split_feature=14 6 18 52 16 56
split_gain=2.94895 3.18438 4.63269 3.34325 2.12544 0.53454
threshold=2.260931563741424 2.165945900000001 1.9887015500000005 3.1714285714285722 1.1470849000000003 10.500000000000002
decision_type=2 2 2 2 2 2
left_child=1 3 -3 -1 5 -2
right_child=4 2 -4 -5 -6 -7
leaf_value=0.0087066274889471031 -0.00095112450303099546 0.0096059667684733046 -0.0085250889746811016 -0.00031061539093281968 0.0011840469251358039 -0.018986190687560831
leaf_weight=36.806109607219696 6.2258640527725282 67.790463164448738 12.142115160822867 760.25563761591911 6.543022319674491 11.097867503762243
leaf_count=125 25 223 42 2775 25 46
internal_value=0.000381628 0.000706426 0.00634475 8.89819e-05 -0.00952524 -0.0148265
internal_weight=900.861 876.994 79.9326 797.062 23.8668 17.3237
internal_count=3261 3165 265 2900 96 71
is_linear=0
shrinkage=0.03


Tree=173
num_leaves=8
num_cat=0
split_feature=45 20 48 15 43 44 20
split_gain=11.1774 6.40234 3.67663 3.55964 3.5302 3.34644 1.14119
threshold=-26.35640836820539 0.27552479999999985 -14.364999999999997 1.010543666666667 1288.76350599996 1303.8682399805537 -0.23974369047619043
decision_type=2 2 2 2 2 2 2
left_child=2 3 6 -2 -4 -3 -1
right_child=1 5 4 -5 -6 -7 -8
leaf_value=0 0.00540216103126861 -0.01771764625184416 0.01147791842533329 -0.0022921174526674666 0.00270592900166599 -0.0056044970442688689 -0.017363301834859644
leaf_weight=7.2450174987316132 65.875008314847946 26.901106089353561 48.363850176334381 250.64011219143867 386.54925331473351 155.62878648936749 7.1591799855232221
leaf_count=20 205 152 136 859 1096 771 22
internal_value=-0.000154793 -0.00326897 0.00323672 -0.000572686 0.00379814 -0.00772498 -0.0102821
internal_weight=948.362 499.045 449.317 316.515 434.913 182.53 14.4042
internal_count=3261 1987 1274 1064 1232 923 42
is_linear=0
shrinkage=0.03


Tree=174
num_leaves=8
num_cat=0
split_feature=21 22 52 42 59 5 38
split_gain=9.27173 5.49899 4.98787 4.88265 5.42091 3.46938 2.71517
threshold=-0.05405989999999989 0.51433902571503187 6.4500000000000011 0.4996587917716801 57.500000000000007 0.81613166666666681 1.1456235818317055
decision_type=2 2 2 2 2 2 2
left_child=3 6 -3 4 -1 -5 -2
right_child=1 2 -4 5 -6 -7 -8
leaf_value=0.0020782447454622856 0 -0.0054790218273356754 0.00015206408250218874 -0.00053548801693978267 -0.0088314115134173546 0.0075415451361170007 0.018360499758762635
leaf_weight=194.19144460558891 11.918753772974016 361.54188369214535 215.11917869746685 53.498139083385468 49.708026140928268 200.84058246016502 13.710569053888319
leaf_count=540 36 1123 633 158 141 591 39
internal_value=-0.000151479 -0.00267769 -0.00333328 0.00284083 -7.69462e-05 0.00573465 0.0101608
internal_weight=1100.53 602.29 576.661 498.238 243.899 254.339 25.6293
internal_count=3261 1831 1756 1430 681 749 75
is_linear=0
shrinkage=0.03


Tree=175
num_leaves=8
num_cat=0
split_feature=58 48 48 55 46 23 24
split_gain=2.9262 6.81459 5.5644 4.45084 3.72449 4.71095 3.17772
threshold=42.500000000000007 10.300000000000002 18.395000000000003 1435.5719011342042 18.617604521016009 1.7170609099243801 1.3690710064528282
decision_type=2 2 2 2 2 2 2
left_child=4 3 -3 -2 6 -6 -1
right_child=1 2 -4 -5 5 -7 -8
leaf_value=-0.00037539185136226848 0.0055978303862013997 -0.0087115719750065525 0.018358656481293489 -0.0096825146142576271 0.010575762889075791 -0.004214486018442533 -0.0059785003729305583
leaf_weight=344.06058751046658 269.68842157721519 62.259289130568504 5.1667068004608145 15.165801435708998 49.069298893213272 26.294141754508018 129.07218460738659
leaf_count=1191 957 236 19 55 176 114 513
internal_value=0.000380778 0.00253028 -0.00573601 0.00461788 -0.000949456 0.00505215 -0.00198581
internal_weight=900.776 352.28 67.426 284.854 548.496 75.3634 473.133
internal_count=3261 1267 255 1012 1994 290 1704
is_linear=0
shrinkage=0.03


Tree=176
num_leaves=7
num_cat=0
split_feature=42 44 15 2 17 48
split_gain=10.3838 4.17434 3.96212 4.29475 3.17906 2.94541
threshold=0.23407487320553158 1303.8682399805537 0.38968465000000002 1.9943636250000003 1.8287473750000001 -8.6299999999999972
decision_type=2 2 2 2 2 2
left_child=2 5 -1 -4 -3 -2
right_child=1 4 3 -5 -6 -7
leaf_value=0.020384793195675877 0.00021646791345205171 -0.0053620920296883331 0.0019673309835987903 -0.010091771088072072 0.0025777783704580589 -0.017133602821663593
leaf_weight=8.4088263809680921 7.0644677877426139 169.1232802271843 646.75788712501526 25.091168686747551 54.654958307743073 36.070235699415207
leaf_count=24 30 777 1903 82 254 191
internal_value=-0.000154606 -0.00517585 0.00178101 0.00144383 -0.00328435 -0.0137437
internal_weight=947.171 266.913 680.258 671.849 223.778 43.1347
internal_count=3261 1252 2009 1985 1031 221
is_linear=0
shrinkage=0.03


Tree=177
num_leaves=8
num_cat=0
split_feature=26 53 15 15 48 13 15
split_gain=8.82259 5.75297 5.62977 5.42525 5.27479 4.04795 3.09398
threshold=1.5871745195996874 4.366666666666668 1.393864666666667 1.6440525000000001 0.24500000000000002 2.1986409999999998 2.2620950000000004
decision_type=2 2 2 2 2 2 2
left_child=1 4 -3 5 -1 -2 -5
right_child=3 2 -4 6 -6 -7 -8
leaf_value=-0.00099564571564357291 0.003297388547827922 -0.0054544546420833215 0 0.014917410234163087 0.0095133017190320197 -0.010477613546030157 0
leaf_weight=98.296478599309921 164.30586931109428 363.14440417289734 309.78969614207745 55.532583028078079 68.506352484226227 19.067775815725327 20.363761961460114
leaf_count=269 482 1131 895 176 188 55 65
internal_value=-0.000150823 -0.00167164 -0.00293061 0.00463514 0.00320426 0.0016056 0.0113405
internal_weight=1099.01 839.737 672.934 259.27 166.803 183.374 75.8963
internal_count=3261 2483 2026 778 457 537 241
is_linear=0
shrinkage=0.03


Tree=178
num_leaves=8
num_cat=0
split_feature=62 52 43 7 23 42 0
split_gain=2.92082 3.36521 5.63736 3.25789 5.91921 4.34916 0.745544
threshold=14.500000000000002 13.15 1548.6979682333747 1.5775641875000004 1.6002963315959386 -0.90983567656602049 2.6996933333333337
decision_type=2 2 2 2 2 2 2
left_child=1 2 -1 4 -2 -5 -3
right_child=3 6 -4 5 -6 -7 -8
leaf_value=-5.6769303782797154e-05 -0.0069541083687147762 -0.017560361478400649 0.024924293216542683 -0.0039624018568244854 0.016234743581783638 0.020661617600295851 0
leaf_weight=814.16568253934383 27.506696790456772 9.9482118487358075 6.1949919015169135 5.6960625648498562 12.800687119364737 20.201303064823151 4.1518983691930762
leaf_count=2929 97 48 26 21 52 68 20
internal_value=0.000377735 -7.45328e-05 0.000155554 0.00635311 0.000120371 0.0142745 -0.013681
internal_weight=900.666 834.461 820.361 66.2047 40.3074 25.8974 14.1001
internal_count=3261 3023 2955 238 149 89 68
is_linear=0
shrinkage=0.03


Tree=179
num_leaves=8
num_cat=0
split_feature=53 26 2 1 37 47 4
split_gain=10.4227 7.47369 6.62118 6.00266 4.79464 4.33734 2.07168
threshold=4.5357142857142865 1.4943640069986837 1.1082128750000002 1.8698093000000002 1.648340216195787 3.5273460365825717 1.162787931414474
decision_type=2 2 2 2 2 2 2
left_child=2 3 4 -2 -1 -3 -4
right_child=1 5 6 -5 -6 -7 -8
leaf_value=-0.0048709864963992671 0.002169173376914493 -0.0081208456573802299 -0.00077606876580447212 0.016206266864654015 0.012651724623562968 0.00075167888098502081 -0.013292875764421064
leaf_weight=37.385730236768723 568.46605968475342 99.707967907190323 20.031921148300171 27.871642678976059 19.37102709710598 85.25573655962944 88.087950460612774
leaf_count=121 1708 453 69 88 67 333 422
internal_value=-0.000152832 0.00126539 -0.00698776 0.00292736 0.000825998 -0.00390646 -0.0113025
internal_weight=946.178 781.301 164.877 596.338 56.7568 184.964 108.12
internal_count=3261 2582 679 1796 188 786 491
is_linear=0
shrinkage=0.03


Tree=180
num_leaves=8
num_cat=0
split_feature=21 22 43 42 45 63 36
split_gain=8.49196 5.31854 5.71542 4.42541 5.21606 3.6187 3.43276
threshold=-0.05405989999999989 0.51433902571503187 1297.5288588709909 0.4996587917716801 56.210971804139724 7.5000000000000009 0.65821131520720921
decision_type=2 2 2 2 2 2 2
left_child=3 5 -3 4 -1 -2 -5
right_child=1 2 -4 6 -6 -7 -8
leaf_value=-0.0022722650570654833 0.017634682356850687 -0.013469129978815364 -0.0022589266239756542 -0.012161275509821148 0.0088469094489101105 -0.002887482255054388 0.0061730785436363506
leaf_weight=198.9265370965004 17.170563817024235 44.322027072310448 530.58674404025078 6.6800106167793265 44.733601629734039 8.473293721675871 246.56508603692055
leaf_count=559 50 151 1605 19 122 25 730
internal_value=-0.000148641 -0.00257101 -0.00321887 0.00271743 -5.33681e-05 0.0100502 0.00548043
internal_weight=1097.46 600.553 574.909 496.905 243.66 25.6439 253.245
internal_count=3261 1831 1756 1430 681 75 749
is_linear=0
shrinkage=0.03


Tree=181
num_leaves=7
num_cat=0
split_feature=53 58 48 46 55 42
split_gain=2.91836 2.7691 5.68906 3.70255 1.88643 1.2152
threshold=2.8375000000000004 42.500000000000007 10.080000000000002 18.617604521016009 1394.5215832215183 0.4996587917716801
decision_type=2 2 2 2 2 2
left_child=4 3 -3 -2 -1 -6
right_child=1 2 -4 -5 5 -7
leaf_value=0 -0.0022561530612726804 0.0041992396897747794 -0.0052753481422482557 0.0047681121944714751 0.025974036476045625 0.00045675037000142117
leaf_weight=5.8893248885870007 465.36744232475758 275.01655952632427 67.626455530524254 74.980559051036835 6.2085278034210187 5.4724002182483673
leaf_count=20 1680 975 258 288 20 20
internal_value=0.000377212 8.87632e-05 0.00222246 -0.00121214 0.0118497 0.0180267
internal_weight=900.561 882.991 342.643 540.348 17.5703 11.6809
internal_count=3261 3201 1233 1968 60 40
is_linear=0
shrinkage=0.03


Tree=182
num_leaves=8
num_cat=0
split_feature=45 20 66 48 43 56 27
split_gain=9.94107 5.78397 4.44851 3.51125 3.32014 2.58739 1.35266
threshold=-26.35640836820539 0.27552479999999985 1.0000000180025095e-35 -14.364999999999997 1288.76350599996 6.5000000000000009 1.4949893738087672
decision_type=2 2 2 2 2 2 2
left_child=3 2 -2 6 -5 -3 -1
right_child=1 5 -4 4 -6 -7 -8
leaf_value=-0.017473670382512296 -0.0024531566912595992 0.0027653956793924133 0.0062034511341166653 0.011020983392665664 0.002523227487565657 -0.0085346628281152605 0
leaf_weight=7.5591658651828748 250.97285594046116 15.225492745637892 64.982089787721634 48.470683932304382 386.70858868956566 164.3608030974865 6.7960580885410309
leaf_count=22 849 75 215 136 1096 848 20
internal_value=-0.000155248 -0.00310981 -0.000550587 0.0030346 0.00358443 -0.00739152 -0.0101991
internal_weight=945.076 495.541 315.955 449.534 435.179 179.586 14.3552
internal_count=3261 1987 1064 1274 1232 923 42
is_linear=0
shrinkage=0.03


Tree=183
num_leaves=8
num_cat=0
split_feature=52 11 20 19 63 28 50
split_gain=7.2929 6.75503 6.53544 5.35787 5.47947 3.65811 2.84086
threshold=6.4500000000000011 1.5699496000000004 0.54576940000000007 1.6705909393939398 4.5000000000000009 1.2266047933778463 12.269485935288355
decision_type=2 2 2 2 2 2 2
left_child=1 2 -1 4 -2 -3 -5
right_child=3 5 -4 6 -6 -7 -8
leaf_value=0.00094031681958173317 0.0093363648116834685 -0.00016696311426737264 -0.013558922301505613 0.0041699534528359637 -0.00081988482069375124 -0.0094309602441404079 0.014930396620992728
leaf_weight=380.88748383522034 53.925177469849586 61.643418952822685 28.157117515802383 82.038276940584183 309.79597416520119 141.40664085745811 38.225883394479752
leaf_count=1074 160 196 78 249 912 481 111
internal_value=-0.000149739 -0.00234809 -4.58891e-05 0.002567 0.00064667 -0.00679389 0.00802381
internal_weight=1096.08 612.095 409.045 483.985 363.721 203.05 120.264
internal_count=3261 1829 1152 1432 1072 677 360
is_linear=0
shrinkage=0.03


Tree=184
num_leaves=7
num_cat=0
split_feature=33 32 32 53 32 5
split_gain=2.87585 3.83931 6.29374 5.62273 3.5987 5.30818
threshold=0.78701121477058045 1.1937346454589781 1.2364258199245264 3.3166666666666669 0.4868850135168985 1.3694083333333336
decision_type=2 2 2 2 2 2
left_child=4 3 -3 -2 -1 -6
right_child=1 2 -4 -5 5 -7
leaf_value=-0.0080519086758051254 0.010950755971221677 0.013489744526885965 0.00044051627551038556 -0.0041324750878206197 0 0.016689172298736225
leaf_weight=10.256403774023054 21.381876349449158 34.210888683795929 497.42307671904564 273.10909259319305 30.364165842533112 33.656986206769943
leaf_count=36 75 117 1805 1004 109 115
internal_value=0.000379317 -9.94447e-05 0.00138387 -0.00286967 0.00596045 0.0088356
internal_weight=900.402 826.125 531.634 294.491 74.2776 64.0212
internal_count=3261 3001 1922 1079 260 224
is_linear=0
shrinkage=0.03


Tree=185
num_leaves=8
num_cat=0
split_feature=53 25 1 25 52 45 4
split_gain=9.75952 5.80844 8.92111 5.49625 4.01569 3.76315 2.63599
threshold=4.5357142857142865 1.5295468577024998 1.9748622000000005 1.0378002174192542 3.2111111111111117 -105.52511608364306 1.1759305933145676
decision_type=2 2 2 2 2 2 2
left_child=3 2 -2 4 -1 -3 -5
right_child=1 5 -4 6 -6 -7 -8
leaf_value=-0.015700165951434131 0.0021067777524412853 0.0099213424358283349 0.029937774318911807 0 0.0038151760241630314 -0.0048068061251521164 -0.013096873354159105
leaf_weight=9.5123248398303968 590.29180993139744 14.179486989974974 8.7804512530565244 17.354989141225815 51.339842841029167 167.15470191091299 85.315518170595169
leaf_count=32 1790 39 27 60 170 726 417
internal_value=-0.000156323 0.00121164 0.00266286 -0.0068019 0 -0.00339583 -0.0109737
internal_weight=943.929 780.406 599.072 163.523 60.8522 181.334 102.671
internal_count=3261 2582 1817 679 202 765 477
is_linear=0
shrinkage=0.03


Tree=186
num_leaves=8
num_cat=0
split_feature=21 32 3 49 26 23 13
split_gain=7.85159 4.55833 4.02739 3.89773 3.58629 3.25534 2.95278
threshold=-0.05405989999999989 2.1911678843380566 2.1560177500000006 2.2050000000000005 1.5529702372771028 1.8663020235951266 1.6350162000000004
decision_type=2 2 2 2 2 2 2
left_child=2 4 3 -1 -2 -3 -4
right_child=1 5 6 -5 -6 -7 -8
leaf_value=0.003507944959548297 -0.002589913164074282 -0.01196253494726127 0.014640255004630925 -0.0024365403583478983 0.0038581193880552183 0.0047739806392715816 0
leaf_weight=299.04210016131401 437.3911095559597 63.834332048892975 38.229627758264542 140.56881418824196 89.359531193971634 8.5086177587509138 17.955880969762802
leaf_count=848 1325 225 127 402 256 25 53
internal_value=-0.000150498 -0.00248362 0.0026071 0.00153679 -0.00142886 -0.00951506 0.0101252
internal_weight=1094.89 599.094 495.796 439.611 526.751 72.3429 56.1855
internal_count=3261 1831 1430 1250 1581 250 180
is_linear=0
shrinkage=0.03


Tree=187
num_leaves=7
num_cat=0
split_feature=14 32 21 52 16 15
split_gain=2.82989 3.08712 5.51401 3.41838 2.08869 0.578079
threshold=2.260931563741424 2.1911678843380566 -0.038187999999999944 4.4142857142857155 1.1470849000000003 0.91362900000000014
decision_type=2 2 2 2 2 2
left_child=1 3 -3 -1 5 -2
right_child=4 2 -4 -5 -6 -7
leaf_value=0.0037786092571176449 -0.01893801449920942 -0.0062059597026332689 0.011366684714953201 -0.00089766324276918143 0.0012211001883748909 -0.00075177093371977871
leaf_weight=178.85584595799446 10.916307270526891 18.479905664920807 55.033107355237007 624.25309209525585 6.5320518910884848 6.2367925941944113
leaf_count=595 45 70 196 2304 25 26
internal_value=0.000379046 0.000697 0.00650457 0.0001133 -0.00935883 -0.0146609
internal_weight=900.307 876.622 73.513 803.109 23.6852 17.1531
internal_count=3261 3165 266 2899 96 71
is_linear=0
shrinkage=0.03


Tree=188
num_leaves=8
num_cat=0
split_feature=42 59 46 7 42 51 22
split_gain=8.82878 4.96004 4.33142 3.94157 3.31563 2.836 2.26153
threshold=-0.35709911024492741 55.500000000000007 9.2870538364699105 1.7555266250000001 1.0723178126012425 8.0129593186103225 2.3898074082343768
decision_type=2 2 2 2 2 2 2
left_child=1 2 -1 -3 5 -2 -6
right_child=4 3 -4 -5 6 -7 -8
leaf_value=0.0031318797367366601 0.0094667551074265437 0.013866071533252996 -0.0051959298204453169 0.0009784948804456052 -0.012733962878760354 -0.0023190859499176097 0.00028596938352306965
leaf_weight=235.74299451708794 16.31375840306282 58.416353464126587 69.979745984077454 41.822244226932526 43.342224717140198 466.99147988110781 10.279631957411764
leaf_count=651 57 160 193 114 267 1757 62
internal_value=-0.000155506 0.00314049 0.00110678 0.00890679 -0.00270562 -0.00182207 -0.00977807
internal_weight=942.888 405.961 305.723 100.239 536.927 483.305 53.6219
internal_count=3261 1118 844 274 2143 1814 329
is_linear=0
shrinkage=0.03


Tree=189
num_leaves=8
num_cat=0
split_feature=21 22 43 42 59 51 63
split_gain=7.407 5.19688 5.39993 3.95209 5.10719 3.68 3.49993
threshold=-0.05405989999999989 0.51433902571503187 1297.5288588709909 0.4996587917716801 57.500000000000007 17.882573652973914 7.5000000000000009
decision_type=2 2 2 2 2 2 2
left_child=3 6 -3 4 -1 -5 -2
right_child=1 2 -4 5 -6 -7 -8
leaf_value=0.0020041665307649957 0.017498816925093634 -0.01309343523334271 -0.0021319449948887961 0.0036034790378983014 -0.0086016695685408318 0.015316041906277725 -0.0026559022638924876
leaf_weight=193.93854069709778 17.183809906244282 43.745533123612404 528.69416180253029 223.47605559229851 49.509784832596779 28.332014709711075 8.4344702363014203
leaf_count=540 50 151 1605 664 141 85 25
internal_value=-0.000151288 -0.00242043 -0.00306451 0.00252724 -8.30182e-05 0.00514982 0.0100651
internal_weight=1093.31 598.058 572.44 495.256 243.448 251.808 25.6183
internal_count=3261 1831 1756 1430 681 749 75
is_linear=0
shrinkage=0.03


Tree=190
num_leaves=7
num_cat=0
split_feature=17 18 18 28 27 37
split_gain=2.81406 3.62383 4.40673 3.26146 2.48892 1.57196
threshold=2.2367598750000002 1.8654500000000003 1.9789167000000003 2.0251173871072337 0.8976309838103872 2.1520235645712478
decision_type=2 2 2 2 2 2
left_child=1 3 -3 -1 -2 -6
right_child=4 2 -4 -5 5 -7
leaf_value=-0.00051507638539318628 0.0069263192734762488 0.013080765346785182 0 0.006501153896488223 -0.017253549439799704 -0.0010369565842347423
leaf_weight=708.61033022403717 5.0140485763549796 43.119418129324913 49.964811757206917 63.011249676346779 16.366472303867344 14.116154253482817
leaf_count=2584 20 153 183 209 60 52
internal_value=0.000375831 0.000754688 0.00628351 3.44219e-05 -0.00760113 -0.0111936
internal_weight=900.202 864.706 93.0842 771.622 35.4967 30.4826
internal_count=3261 3129 336 2793 132 112
is_linear=0
shrinkage=0.03


Tree=191
num_leaves=8
num_cat=0
split_feature=53 26 2 44 37 44 13
split_gain=9.1904 6.32348 6.18247 5.02163 4.62055 3.56018 2.43639
threshold=4.5357142857142865 1.4943640069986837 1.1082128750000002 1488.2764953648268 1.648340216195787 1427.7314906748736 1.2539626500000003
decision_type=2 2 2 2 2 2 2
left_child=2 3 4 -2 -1 -4 -3
right_child=1 6 5 -5 -6 -7 -8
leaf_value=-0.0047200373184680981 0.0016282869343817873 -0.011159580223362357 -0.012287320131775078 0.010387374457130968 0.012470544894075879 0.0080793210860787817 -0.0017367911031438417
leaf_weight=37.222360640764236 529.60717502236366 31.284258186817169 100.48334724456072 67.133110553026199 19.417284056544304 5.1918214857578269 151.42266951501369
leaf_count=121 1613 179 473 183 67 18 607
internal_value=-0.000151911 0.00117195 -0.00662866 0.00269519 0.000885991 -0.0108766 -0.00361601
internal_weight=941.762 779.447 162.315 596.74 56.6396 105.675 182.707
internal_count=3261 2582 679 1796 188 491 786
is_linear=0
shrinkage=0.03


Tree=192
num_leaves=8
num_cat=0
split_feature=26 33 49 37 23 55 49
split_gain=7.20067 5.25814 5.83117 4.93474 4.99539 3.2936 2.57612
threshold=1.5871745195996874 1.5930938233882233 -3.4349999999999996 1.1687760169264163 1.4500205392993546 1381.1003276589574 -5.2449999999999992
decision_type=2 2 2 2 2 2 2
left_child=1 5 -3 4 -2 -1 -5
right_child=3 2 -4 6 -6 -7 -8
leaf_value=0.0027654063561188837 0.014357471193031875 0.0026919505924610809 -0.0083386767438869847 0.00036929259982078605 -0.0031759865958945542 -0.0017642747104151179 0.010207231720112319
leaf_weight=224.71986874938011 15.067760914564131 52.260096654295921 163.98713420331478 39.296817421913147 96.076376900076866 394.20339474081993 106.36807391047478
leaf_count=640 43 162 566 124 279 1115 332
internal_value=-0.000150951 -0.00152906 -0.00553523 0.00419208 -0.000322062 -6.77041e-05 0.00779731
internal_weight=1091.98 835.17 216.247 256.809 111.144 618.923 145.665
internal_count=3261 2483 728 778 322 1755 456
is_linear=0
shrinkage=0.03


Tree=193
num_leaves=8
num_cat=0
split_feature=33 22 48 32 32 45 51
split_gain=2.74444 4.75363 5.332 3.68313 6.02371 4.5707 1.93584
threshold=0.78701121477058045 0.85838354107696924 -0.87999999999999989 1.1937346454589781 1.2364258199245264 56.210971804139724 12.636094705412004
decision_type=2 2 2 2 2 2 2
left_child=1 6 -3 5 -5 -2 -1
right_child=3 2 -4 4 -6 -7 -8
leaf_value=0.0022608638135736118 -0.0054181865169092005 0.019704637843544232 0.00077990158459486747 0.013169775903055909 0.000431811306977482 0.0023689725177920167 -0.014983975263062518
leaf_weight=5.8993571400642386 199.2674418836832 25.629758790135384 33.259622484445572 34.39785124361515 497.34667411446571 94.625739514827728 9.6668104231357557
leaf_count=20 707 87 120 117 1805 372 33
internal_value=0.000375074 0.00582008 0.00988569 -9.25837e-05 0.00135828 -0.00281048 -0.00722729
internal_weight=900.093 74.4555 58.8894 825.638 531.745 293.893 15.5662
internal_count=3261 260 207 3001 1922 1079 53
is_linear=0
shrinkage=0.03


Tree=194
num_leaves=8
num_cat=0
split_feature=53 7 37 2 37 6 44
split_gain=8.81322 5.98426 6.32128 5.97333 4.44075 4.18413 3.46936
threshold=4.5357142857142865 1.3812159375000002 1.1687760169264163 1.1082128750000002 1.648340216195787 1.3221663000000003 1427.7314906748736
decision_type=2 2 2 2 2 2 2
left_child=3 5 -3 4 -1 -2 -5
right_child=1 2 -4 6 -6 -7 -8
leaf_value=-0.004651190289819326 -1.5267604137468416e-05 0.0068159921407355793 0 -0.012123550914283476 0.012178733849793949 -0.0084433134526643357 0.0079349247160320456
leaf_weight=37.159486144781113 236.8318011239171 230.17249184846878 242.92369292676449 99.629585035145283 19.521179586648941 69.153428614139557 5.2092265784740439
leaf_count=121 888 667 789 473 67 238 18
internal_value=-0.000151935 0.00114166 0.00327544 -0.00651264 0.00085143 -0.00205989 -0.0107162
internal_weight=940.601 779.081 473.096 161.519 56.6807 305.985 104.839
internal_count=3261 2582 1456 679 188 1126 491
is_linear=0
shrinkage=0.03


Tree=195
num_leaves=8
num_cat=0
split_feature=26 55 11 22 45 26 40
split_gain=6.9453 6.20129 5.40534 4.55336 4.15228 4.1036 3.25634
threshold=1.4868887097181671 1347.7025756325409 1.6019696000000001 1.7088205970523396 -93.714208101099516 1.1170091997274043 1.1971833299781314
decision_type=2 2 2 2 2 2 2
left_child=2 6 3 -1 -3 -4 -2
right_child=1 4 5 -5 -6 -7 -8
leaf_value=0.00079075514277781016 -0.017399925313601499 -0.011639347066307343 -0.0098862064489889517 -0.010373438042887154 0.0056412404014726577 -0.001782605705578704 0
leaf_weight=477.8134940713644 15.62918910384178 10.181779295206068 104.60835152864456 33.294684171676636 287.2532602250576 145.55318918824196 16.473571836948395
leaf_count=1346 44 32 368 92 862 469 48
internal_value=-0.000146613 0.003449 -0.00174734 0 0.00487571 -0.00534174 -0.00840065
internal_weight=1090.81 329.538 761.27 511.108 297.435 250.162 32.1028
internal_count=3261 986 2275 1438 894 837 92
is_linear=0
shrinkage=0.03


Tree=196
num_leaves=8
num_cat=0
split_feature=62 48 57 14 10 8 16
split_gain=2.78948 4.75551 6.2022 2.74334 2.97738 2.49406 1.47835
threshold=14.500000000000002 -0.29499999999999993 11.500000000000002 2.260931563741424 2.2238650000000004 1.5811268500000002 1.1470849000000003
decision_type=2 2 2 2 2 2 2
left_child=3 2 -2 4 -1 -3 -5
right_child=1 5 -4 6 -6 -7 -8
leaf_value=-0.00040483519490274274 -0.00090506177154180795 -0.008434126923012826 0.022898601481971977 -0.014262286185197023 0.0053639699022357389 0.0073167342996575515 0
leaf_weight=722.72671253979206 12.676095396280287 19.47634127736092 21.69413486123085 16.542741671204571 88.098130613565445 12.505443200469015 6.2342544794082633
leaf_count=2613 45 75 75 69 317 43 24
internal_value=0.000374989 0.00620725 0.0137277 -6.70836e-05 0.000196708 -0.00132429 -0.0099263
internal_weight=899.954 66.352 34.3702 833.602 810.825 31.9818 22.777
internal_count=3261 238 120 3023 2930 118 93
is_linear=0
shrinkage=0.03


Tree=197
num_leaves=8
num_cat=0
split_feature=7 38 28 66 35 8 54
split_gain=7.32565 6.33923 8.56231 7.37463 5.00784 4.03265 3.18616
threshold=1.3812159375000002 1.2150111273572093 1.7352854097716708 1.0000000180025095e-35 1.2377253900833414 1.39310515 1362.453641233202
decision_type=2 2 2 2 2 2 2
left_child=4 2 -2 -3 6 -6 -1
right_child=1 3 -4 -5 5 -7 -8
leaf_value=0.00037467655319524976 0.0093661313762059516 -0.0030827063654235783 -0.0019757879119093203 0.0084451039864578258 0.00065221191510814701 -0.012748652125019551 -0.010013734902892129
leaf_weight=27.110926233232021 168.88560897111893 259.76469939947128 85.369838044047356 59.148697644472122 203.55133070796728 20.176626175642014 115.60122413188219
leaf_count=131 498 883 250 200 706 62 531
internal_value=-0.000157181 0.00192531 0.00545515 -0.00081186 -0.00348871 -0.000525673 -0.00785504
internal_weight=939.609 573.169 254.255 318.913 366.44 223.728 142.712
internal_count=3261 1831 748 1083 1430 768 662
is_linear=0
shrinkage=0.03


Tree=198
num_leaves=8
num_cat=0
split_feature=26 33 49 37 23 53 32
split_gain=6.66286 4.78944 5.62761 4.68991 4.84791 3.4052 3.30151
threshold=1.5871745195996874 1.5930938233882233 -3.4349999999999996 1.1687760169264163 1.4500205392993546 8.3166666666666682 0.55700802479805911
decision_type=2 2 2 2 2 2 2
left_child=1 5 -3 4 -2 -1 -5
right_child=3 2 -4 6 -6 -7 -8
leaf_value=0.00047075718063745658 0.014112947504386929 0.0027657305286914757 -0.0080867043480335223 -0.0083706458622170611 -0.003170606105855752 -0.0083331398859418804 0.0087660098617593253
leaf_weight=578.24798777699471 15.031941026449202 52.162555336952209 162.75858552753925 7.5724679231643668 96.00186051428318 40.338894739747047 137.3774765431881
leaf_count=1627 43 162 566 24 279 128 432
internal_value=-0.000147425 -0.00147481 -0.00531324 0.00403631 -0.000357012 -8.00211e-05 0.00756487
internal_weight=1089.49 833.508 214.921 255.984 111.034 618.587 144.95
internal_count=3261 2483 728 778 322 1755 456
is_linear=0
shrinkage=0.03


Tree=199
num_leaves=7
num_cat=0
split_feature=17 33 27 10 27 3
split_gain=2.70151 3.09303 5.28587 3.71873 2.43069 1.17864
threshold=2.2367598750000002 0.776484039358459 1.3309089645799073 1.0779056666666669 0.8976309838103872 0.96559475000000006
decision_type=2 2 2 2 2 2
left_child=1 2 -1 -3 -2 -6
right_child=4 3 -4 -5 5 -7
leaf_value=-0.0008348869194413583 0.0068478557334176859 -0.003933986585016795 0.015572994511753289 0.0012278059093795738 0 -0.013559362455929496
leaf_weight=30.938964784145355 5.02215951681137 152.84763370454311 30.84799200296402 649.85755947232246 5.1136848926544216 25.172549486160278
leaf_count=111 20 560 103 2355 18 94
internal_value=0.000373559 0.000744643 0.00711809 0.000200304 -0.00746084 -0.01104
internal_weight=899.801 864.492 61.787 802.705 35.3084 30.2862
internal_count=3261 3129 214 2915 132 112
is_linear=0
shrinkage=0.03


Tree=200
num_leaves=8
num_cat=0
split_feature=53 26 1 3 50 52 50
split_gain=8.32717 5.70553 5.75338 5.24087 4.39341 3.15443 2.60074
threshold=4.5357142857142865 1.4943640069986837 1.8698093000000002 1.2472737350000003 10.550930760917216 3.2111111111111117 8.0886246457221791
decision_type=2 2 2 2 2 2 2
left_child=3 2 -2 5 -3 -1 -5
right_child=1 4 -4 6 -6 -7 -8
leaf_value=-0.014567535419504863 0.0018025498964021813 0.001455916170598608 0.015496172145601115 0.0034410208092632631 -0.0076139743010017981 0.0013895237227081706 -0.013460973822919829
leaf_weight=10.877368479967116 568.61968444287777 80.351009450852871 27.983094215393066 5.3436395823955527 101.17319636791945 71.688285186886787 72.553608082234859
leaf_count=37 1708 349 88 31 437 246 365
internal_value=-0.000155182 0.00109922 0.00254458 -0.00636142 -0.00346364 -0.000652746 -0.0118689
internal_weight=938.59 778.127 596.603 160.463 181.524 82.5657 77.8972
internal_count=3261 2582 1796 679 786 283 396
is_linear=0
shrinkage=0.03


Tree=201
num_leaves=8
num_cat=0
split_feature=21 48 59 43 27 37 7
split_gain=6.4081 4.87946 6.4992 4.37232 4.14777 3.52062 3.00187
threshold=-0.05405989999999989 5.3100000000000014 57.500000000000007 1288.76350599996 0.81879093571354866 1.0057618729925408 1.6087195714285716
decision_type=2 2 2 2 2 2 2
left_child=1 4 -3 6 -1 -5 -2
right_child=3 2 -4 5 -6 -7 -8
leaf_value=-0.0054414653563186911 0.0035511355433644333 0.011698631986492961 -0.003140412528052727 -0.0043027402378205308 0.0022403786897806856 0.00046086596534885329 -0.015088737262225003
leaf_weight=77.552731454372406 5.9590328633785239 89.476809054613113 32.439955472946167 231.69081278145313 293.69960568845272 322.43611374497414 34.789273396134377
leaf_count=225 19 265 97 728 843 964 120
internal_value=-0.000147917 0.00234585 0.00752116 -0.00226652 0.000534747 -0.00148525 -0.0116225
internal_weight=1088.04 493.169 121.917 594.875 371.252 554.127 40.7483
internal_count=3261 1430 362 1831 1068 1692 139
is_linear=0
shrinkage=0.03


Tree=202
num_leaves=7
num_cat=0
split_feature=14 10 36 59 16 15
split_gain=2.6439 3.0826 3.62544 3.41171 2.01247 0.602629
threshold=2.260931563741424 2.2238650000000004 1.1754706872845599 55.500000000000007 1.1470849000000003 0.91362900000000014
decision_type=2 2 2 2 2 2
left_child=1 2 -1 -3 5 -2
right_child=4 3 -4 -5 -6 -7
leaf_value=0.0022692745000452339 -0.018694892035429022 0.0093321848164206345 -0.0018244433972924251 -0.0021796511537997671 0.0012026222384157862 -0.00045606076915347387
leaf_weight=356.60469673573971 10.701053455471998 68.118629261851311 423.4928972274065 28.093515202403069 6.5333134531974784 6.1612087190151206
leaf_count=1282 45 244 1538 101 25 26
internal_value=0.000371903 0.000678862 9.57014e-06 0.00568938 -0.00909231 -0.0143762
internal_weight=899.705 876.31 780.098 96.2121 23.3956 16.8623
internal_count=3261 3165 2820 345 96 71
is_linear=0
shrinkage=0.03


Tree=203
num_leaves=8
num_cat=0
split_feature=53 2 7 37 47 37 44
split_gain=7.98285 5.63894 5.35529 5.81497 4.34257 4.28626 3.37121
threshold=4.5357142857142865 1.1082128750000002 1.3812159375000002 1.1687760169264163 13.124891092503619 1.648340216195787 1427.7314906748736
decision_type=2 2 2 2 2 2 2
left_child=1 5 4 -4 -2 -1 -3
right_child=2 6 3 -5 -6 -7 -8
leaf_value=-0.0045369351747660885 -0.0041597991917573605 -0.011802225437383651 0.0064839785326864258 -3.5215021365631704e-05 0.0037721004676906692 0.011981584320649864 0.0079790915127352299
leaf_weight=37.052490413188934 224.47038035094738 97.905881524085999 230.35322304069996 242.77073235064745 80.249761432409286 19.586701571941376 5.1937549114227286
leaf_count=121 855 473 667 789 271 67 18
internal_value=-0.000153378 -0.00624617 0.00107218 0.00308962 -0.0019621 0.000877643 -0.0103874
internal_weight=937.583 159.739 777.844 473.124 304.72 56.6392 103.1
internal_count=3261 679 2582 1456 1126 188 491
is_linear=0
shrinkage=0.03


Tree=204
num_leaves=8
num_cat=0
split_feature=62 31 22 47 48 27 46
split_gain=6.32901 6.44276 7.61229 7.34681 5.83245 4.71589 2.09014
threshold=3.5000000000000004 1.2691089739415673 2.1466341355999261 13.316933734247757 -1.5549999999999999 1.8787741079471501 7.5814711982822027
decision_type=2 2 2 2 2 2 2
left_child=4 3 -3 -2 6 -6 -1
right_child=1 2 -4 -5 5 -7 -8
leaf_value=-0.0061589170280080948 0.0039255387249035557 -0.0037132711375879937 0.014658021971747837 -0.0053469324274276536 0.017780625598887909 -0.0018084800760749388 0.0092013607034754485
leaf_weight=26.603093475103378 341.83628559112549 542.66855281591415 18.563952386379242 95.055285885930061 43.416118025779724 10.659339427947996 8.261359974741934
leaf_count=80 1006 1651 55 280 131 32 26
internal_value=-0.000144522 -0.000860174 -0.00300245 0.00182458 0.00739925 0.0134575 -0.00140367
internal_weight=1087.06 998.124 561.233 436.892 88.9399 54.0755 34.8645
internal_count=3261 2992 1706 1286 269 163 106
is_linear=0
shrinkage=0.03


Tree=205
num_leaves=7
num_cat=0
split_feature=62 6 24 1 24 22
split_gain=2.67661 4.0733 4.888 3.23721 5.4772 3.74108
threshold=14.500000000000002 2.0524680000000006 1.1342890598499362 1.5895907000000002 0.91661500946289343 1.4580713462460977
decision_type=2 2 2 2 2 2
left_child=3 2 -2 4 -1 -5
right_child=1 -3 -4 5 -6 -7
leaf_value=-0.0040155398810320245 -0.007781026408809468 0.026697100376934502 0.0091577524058836113 -0.0089276097140188557 0.0028467716641493129 -0.0005781986909748788
leaf_weight=133.15715765953064 20.941021993756294 6.0271283686161032 39.528019592165947 66.104673653841019 434.65591694414616 199.28162135183811
leaf_count=468 73 19 146 249 1495 811
internal_value=0.000368237 0.00607479 0.00275014 -6.47294e-05 0.0011764 -0.00282136
internal_weight=899.696 66.4962 60.469 833.199 567.813 265.386
internal_count=3261 238 219 3023 1963 1060
is_linear=0
shrinkage=0.03


Tree=206
num_leaves=8
num_cat=0
split_feature=53 2 7 37 47 37 44
split_gain=7.6413 5.45442 5.10255 5.51341 4.16476 4.12799 3.28697
threshold=4.5357142857142865 1.1082128750000002 1.3812159375000002 1.1687760169264163 13.124891092503619 1.648340216195787 1427.7314906748736
decision_type=2 2 2 2 2 2 2
left_child=1 5 4 -4 -2 -1 -3
right_child=2 6 3 -5 -6 -7 -8
leaf_value=-0.004464822492888436 -0.0040793964910701488 -0.011642099071580769 0.0063142089512568545 -2.9764896625713998e-05 0.003685090553644695 0.011726374474874304 0.0078495685987793693
leaf_weight=36.984259232878685 223.98100419342518 97.107951186597347 230.52138766646385 242.68949361145496 80.334633603692055 19.678191989660263 5.2082280814647666
leaf_count=121 855 473 667 789 271 67 18
internal_value=-0.000154122 -0.00613183 0.00104224 0.0030111 -0.00192108 0.000854871 -0.0102308
internal_weight=936.505 158.979 777.527 473.211 304.316 56.6625 102.316
internal_count=3261 679 2582 1456 1126 188 491
is_linear=0
shrinkage=0.03


Tree=207
num_leaves=8
num_cat=0
split_feature=62 31 23 48 5 29 58
split_gain=6.09444 6.09378 6.91194 5.60509 4.48108 3.46175 2.47155
threshold=3.5000000000000004 1.2691089739415673 2.0351886329286599 -1.5549999999999999 1.9770616666666669 1.124831393206132 43.500000000000007
decision_type=2 2 2 2 2 2 2
left_child=3 5 -3 6 -5 -2 -1
right_child=1 2 -4 4 -6 -7 -8
leaf_value=-0.0068365991481061624 -0.00010608793169356811 -0.0035711701959257 0.015002120707718484 0.017702676298002006 -0.00068800911316821217 0.0053677837177635813 0.0094062769621648876
leaf_weight=25.40590526163578 283.20111477375031 544.34349791705608 16.153675645589828 42.023429855704308 11.982613518834112 153.42525810003281 9.4267835021018964
leaf_count=77 833 1658 48 127 36 453 29
internal_value=-0.000142355 -0.00084545 -0.00293111 0.00726378 0.0132077 0.00176467 -0.00135422
internal_weight=1085.96 997.124 560.497 88.8387 54.006 436.626 34.8327
internal_count=3261 2992 1706 269 163 1286 106
is_linear=0
shrinkage=0.03


Tree=208
num_leaves=8
num_cat=0
split_feature=58 48 48 55 22 5 1
split_gain=2.66626 6.04828 5.30001 4.22941 2.95221 6.75082 5.19539
threshold=42.500000000000007 10.300000000000002 18.395000000000003 1435.5719011342042 1.038212425366478 1.1308779999999998 1.5808049000000002
decision_type=2 2 2 2 2 2 2
left_child=4 3 -3 -2 5 -1 -6
right_child=1 2 -4 -5 6 -7 -8
leaf_value=-0.016132333100119169 0.0053218720448183184 -0.0083791093324993102 0.017982728388200975 -0.0095987998930089583 0.0041599563819640223 -0.0011916949864499025 -0.0032616564195225165
leaf_weight=31.538483053445816 270.84184496104717 61.430398732423782 5.2087592184543601 15.092700719833372 186.42611767351627 179.40306220948696 149.68225911259651
leaf_count=114 957 236 19 55 639 634 607
internal_value=0.000363767 0.00241446 -0.00541756 0.00436891 -0.000907244 -0.00369694 0.000766349
internal_weight=899.624 352.574 66.6392 285.935 547.05 210.942 336.108
internal_count=3261 1267 255 1012 1994 748 1246
is_linear=0
shrinkage=0.03


Tree=209
num_leaves=8
num_cat=0
split_feature=53 2 26 53 50 37 44
split_gain=7.35968 5.25278 5.124 4.58158 4.28516 3.9585 3.20752
threshold=4.5357142857142865 1.1082128750000002 1.4943640069986837 9.5277777777777803 10.550930760917216 1.648340216195787 1427.7314906748736
decision_type=2 2 2 2 2 2 2
left_child=1 5 3 -2 -4 -1 -3
right_child=2 6 4 -5 -6 -7 -8
leaf_value=-0.0044152035913806176 0.0010156585109149878 -0.011489311327357438 0.0015426834555133473 0.0077470015904493733 -0.0074406917396575645 0.011418517928978919 0.0077260644036507391
leaf_weight=36.937252208590508 481.48547692596912 96.345091484487057 80.072472654283047 115.2590351998806 100.4037928134203 19.790097773075104 5.2222463488578788
leaf_count=121 1481 473 349 315 437 67 18
internal_value=-0.000152642 -0.00603403 0.00101912 0.00238743 -0.00331738 0.000798516 -0.0100815
internal_weight=935.515 158.295 777.221 596.745 180.476 56.7273 101.567
internal_count=3261 679 2582 1796 786 188 491
is_linear=0
shrinkage=0.03


Tree=210
num_leaves=8
num_cat=0
split_feature=25 22 11 7 18 49 49
split_gain=5.74666 5.70346 6.15642 3.82557 3.53547 5.00473 3.11055
threshold=1.7052852547371329 1.69623760703729 1.5854372900000002 1.1353692500000003 1.3376264000000002 -2.0549999999999993 -1.3949999999999998
decision_type=2 2 2 2 2 2 2
left_child=1 2 -1 -3 5 -2 -6
right_child=4 3 -4 -5 6 -7 -8
leaf_value=0.001509546094022493 0.0086593057456919899 -0.017833383880990327 -0.0040470564855798552 -0.0035320705978909846 0.0019837790286294388 -0.0059244242158895391 0.012518699121414284
leaf_weight=522.08199092745781 32.41938379406929 26.147156357765198 269.27087119221687 64.898075178265572 57.763273403048515 52.798794716596603 59.469088241457939
leaf_count=1479 95 75 891 194 185 152 190
internal_value=-0.000141237 -0.00121548 -0.000348801 -0.00825671 0.00436031 0 0.00769984
internal_weight=1084.85 882.398 791.353 91.0452 202.451 85.2182 117.232
internal_count=3261 2639 2370 269 622 247 375
is_linear=0
shrinkage=0.03


Tree=211
num_leaves=8
num_cat=0
split_feature=0 48 48 6 48 21 48
split_gain=2.58775 5.70282 7.11818 4.99684 4.09926 4.73577 4.64995
threshold=1.0534620000000003 10.080000000000002 13.955000000000002 1.5621566000000002 1.7750000000000001 0.72513469999999991 -10.249999999999998
decision_type=2 2 2 2 2 2 2
left_child=4 3 -3 -2 6 -6 -1
right_child=1 2 -4 -5 5 -7 -8
leaf_value=0.0066119933444051954 0.00028017781649695463 -0.013983582782270992 0.0040831978285295291 0.0062326875243499478 0.0066761328725597783 -0.010269519850196245 -0.0068830679668654415
leaf_weight=23.242402285337448 367.33757904171944 43.116346389055252 29.947360217571259 201.88343331217766 69.061959847807884 15.832045182585714 149.14900389313698
leaf_count=79 1380 173 111 687 244 57 530
internal_value=0.000356719 0.00140277 -0.00626722 0.00245828 -0.0021296 0.00300703 -0.00483663
internal_weight=899.57 642.285 73.0637 569.221 257.285 84.894 172.391
internal_count=3261 2351 284 2067 910 301 609
is_linear=0
shrinkage=0.03


Tree=212
num_leaves=8
num_cat=0
split_feature=45 20 7 7 4 48 16
split_gain=6.7966 4.34176 3.50944 6.59265 4.98888 3.42226 2.9766
threshold=-26.35640836820539 0.27552479999999985 1.3812159375000002 1.7369060625000001 1.1541527607843138 -10.784999999999998 1.1016911900000002
decision_type=2 2 2 2 2 2 2
left_child=2 5 4 -4 -1 -2 -3
right_child=1 6 3 -5 -6 -7 -8
leaf_value=-0.010983686981360971 -0.015512270931791075 0.0012251854698818033 0.0086953276419284783 0 0.001832884947075647 0.00012657947746582356 -0.0082906570670870875
leaf_weight=34.950990989804268 11.013183787465094 30.067972913384438 150.82962158322334 167.89987944066525 95.326607257127762 302.9078666716814 141.46869634836912
leaf_count=101 41 138 421 467 285 1023 785
internal_value=-0.000147474 -0.0026329 0.00247297 0.00418669 -0.00149284 -0.000421843 -0.00645489
internal_weight=934.465 485.458 449.007 318.73 130.278 313.921 171.537
internal_count=3261 1987 1274 888 386 1064 923
is_linear=0
shrinkage=0.03


Tree=213
num_leaves=8
num_cat=0
split_feature=62 21 22 46 16 51 26
split_gain=5.85718 5.53898 5.37552 5.24666 5.30121 4.88484 3.31559
threshold=3.5000000000000004 -0.049587600000000197 0.51433902571503187 2.849027457383841 1.3233164000000002 17.882573652973914 1.1201840061807427
decision_type=2 2 2 2 2 2 2
left_child=3 5 -3 4 -1 -2 -5
right_child=1 2 -4 6 -6 -7 -8
leaf_value=-0.012116917501555137 0.00046052258282717931 0.010284820596364477 -0.0036171862856578967 -0.00016020256948106945 0.0074972176134390795 0.011083121267313433 0.019058758475153082
leaf_weight=17.085911706089973 417.2187511920929 23.404906809329987 512.41603519022465 6.6020400822162619 33.029318615794182 41.97658297419548 31.888507559895515
leaf_count=55 1210 69 1591 21 95 122 98
internal_value=-0.000141063 -0.000831477 -0.00291817 0.00712819 2.60962e-05 0.00154047 0.0151763
internal_weight=1083.62 995.016 535.821 88.6058 50.1152 459.195 38.4905
internal_count=3261 2992 1660 269 150 1332 119
is_linear=0
shrinkage=0.03


Tree=214
num_leaves=6
num_cat=0
split_feature=53 54 20 4 54
split_gain=2.57699 2.97535 7.71743 5.00464 1.9231
threshold=2.8375000000000004 1398.7404109286319 0.3814201000000001 1.5545748060796651 1387.3901642954474
decision_type=2 2 2 2 2
left_child=4 3 -3 -2 -1
right_child=1 2 -4 -5 -6
leaf_value=0.019197454749816819 0.00078756742574327373 8.3722878557734493e-05 0.012985071083275235 -0.0049298665938668669 0
leaf_weight=9.282401457428934 413.76034815609455 216.74712817370892 51.178228989243507 199.92258821427822 8.5188595652580243
leaf_count=31 1422 746 197 836 29
internal_value=0.000355063 8.01544e-05 0.00273719 -0.00103627 0.0110716
internal_weight=899.41 881.608 267.925 613.683 17.8013
internal_count=3261 3201 943 2258 60
is_linear=0
shrinkage=0.03


Tree=215
num_leaves=8
num_cat=0
split_feature=53 2 44 31 26 37 44
split_gain=6.93284 5.01954 4.79666 5.73656 4.51026 3.81025 3.11528
threshold=4.5357142857142865 1.1082128750000002 1303.8682399805537 1.6632529319855889 1.4943640069986837 1.648340216195787 1427.7314906748736
decision_type=2 2 2 2 2 2 2
left_child=1 5 3 -2 -4 -1 -3
right_child=2 6 4 -5 -6 -7 -8
leaf_value=-0.004343929935135396 -0.017845357860300833 -0.011276628262829543 0.0028180638350856044 0.0081095061486276421 -0.0026246093688161989 0.011173724190138951 0.0076228363421358804
leaf_weight=36.863166108727455 22.746195413172249 95.241208642721176 572.64479400217533 7.8812956660985938 172.90300101786852 19.876465037465096 5.2352617383003226
leaf_count=121 113 473 1701 28 740 67 18
internal_value=-0.000146373 -0.0058774 0.000988031 -0.0101593 0.00151206 0.000776694 -0.00986958
internal_weight=933.391 157.216 776.175 30.6275 745.548 56.7396 100.476
internal_count=3261 679 2582 141 2441 188 491
is_linear=0
shrinkage=0.03


Tree=216
num_leaves=8
num_cat=0
split_feature=26 15 53 58 23 55 15
split_gain=5.31051 4.7493 4.00286 5.21733 4.55351 3.60401 3.24524
threshold=1.5871745195996874 1.6440525000000001 4.366666666666668 33.500000000000007 1.9261296043614935 1347.7025756325409 2.2620950000000004
decision_type=2 2 2 2 2 2 2
left_child=2 5 3 -1 -4 -2 -3
right_child=1 6 4 -5 -6 -7 -8
leaf_value=0.0078430476218731161 -0.0097149915607641756 0.013701607525532879 -0.0028289474687355795 -0.0025040784129077621 0.01258813495086706 0.0025613335152750724 0
leaf_weight=86.395221963524818 22.423749178647995 53.490638732910156 647.8328832834959 79.610344171524048 15.120973736047743 158.05302676558495 19.631509870290756
leaf_count=238 64 176 1982 219 44 473 65
internal_value=-0.000139016 0.0036116 -0.00132846 0.00273163 -0.00239539 0.000781868 0.00998971
internal_weight=1082.56 253.599 828.959 166.006 662.954 180.477 73.1221
internal_count=3261 778 2483 457 2026 537 241
is_linear=0
shrinkage=0.03


Tree=217
num_leaves=7
num_cat=0
split_feature=17 0 0 54 27 0
split_gain=2.57424 2.89458 5.77029 3.43165 2.38708 1.59657
threshold=2.2367598750000002 1.0534620000000003 1.3309165833333336 1419.2887151416385 0.8976309838103872 0.84649099999999999
decision_type=2 2 2 2 2 2
left_child=1 3 -3 -1 -2 -6
right_child=4 2 -4 -5 5 -7
leaf_value=-0.0034151485074414853 0.0068476649170958236 0.0063439340822496618 0 0.006870943680922577 0 -0.014179284395958069
leaf_weight=214.61845602095127 5.0111887007951728 178.88522933423519 440.37628534436226 30.312978237867355 6.006020367145541 24.071140512824059
leaf_count=762 20 611 1651 105 22 90
internal_value=0.000354436 0.000716683 0.00183264 -0.0019753 -0.00731603 -0.0108909
internal_weight=899.281 864.193 619.262 244.931 35.0883 30.0772
internal_count=3261 3129 2262 867 132 112
is_linear=0
shrinkage=0.03


Tree=218
num_leaves=7
num_cat=0
split_feature=53 2 48 43 37 4
split_gain=6.61972 4.85839 4.77788 5.02553 3.67719 2.02979
threshold=4.5357142857142865 1.1082128750000002 -14.364999999999997 1295.3178295676869 1.648340216195787 1.162787931414474
decision_type=2 2 2 2 2 2
left_child=1 4 -2 -4 -1 -3
right_child=2 5 3 -5 -6 -7
leaf_value=-0.0042698500500049415 -0.015080205637146765 0 0.010171417662553948 0.00061225434203423764 0.010958606229715206 -0.011776199283148783
leaf_weight=36.798491060733795 14.085958585143088 19.301776334643364 52.236455619335175 709.65443213284016 19.953772157430649 80.4229501709342
leaf_count=121 45 69 146 2391 67 422
internal_value=-0.000148402 -0.00576406 0.000957349 0.00133183 0.000764549 -0.00971632
internal_weight=932.454 156.477 775.977 761.891 56.7523 99.7247
internal_count=3261 679 2582 2537 188 491
is_linear=0
shrinkage=0.03


Tree=219
num_leaves=8
num_cat=0
split_feature=62 48 37 21 23 44 9
split_gain=5.62735 5.27648 5.51465 5.15813 5.50067 4.75014 2.05112
threshold=3.5000000000000004 -1.5549999999999999 1.0389640811434748 -0.049587600000000197 0.66064701213604982 1305.248388754603 1.4346510087719304
decision_type=2 2 2 2 2 2 2
left_child=1 6 -3 5 -5 -2 -1
right_child=3 2 -4 4 -6 -7 -8
leaf_value=-0.0085091503833851067 0.0084655907840281378 0 0.020196701201760727 0.0085047167235278477 -0.0036572648975098368 6.7524896191450151e-05 0.0049532549183385994
leaf_weight=18.148590624332428 71.62045681476593 21.174793645739555 32.496025890111923 32.651441752910614 502.04161706566811 386.82781045138836 16.523733571171761
leaf_count=55 207 66 97 100 1560 1125 51
internal_value=-0.000135524 0.00699974 0.0127908 -0.000813168 -0.00282976 0.00147573 -0.0013551
internal_weight=1081.48 88.3431 53.6708 993.141 534.693 458.448 34.6723
internal_count=3261 269 163 2992 1660 1332 106
is_linear=0
shrinkage=0.03


Tree=220
num_leaves=8
num_cat=0
split_feature=52 0 0 43 43 48 47
split_gain=2.50929 4.73062 5.50034 4.64738 5.84428 4.23055 3.03247
threshold=4.1214285714285728 1.0534620000000003 1.3376871666666668 1329.6212648009007 1362.1417165628829 1.0450000000000002 8.3421883576379532
decision_type=2 2 2 2 2 2 2
left_child=3 5 -3 6 -5 -2 -1
right_child=1 2 -4 4 -6 -7 -8
leaf_value=-0.0060137536101013862 -0.0086769375269934133 0.005731638415021981 -0.00079657397607491855 0.0152587982368539 0 0.00046417345755549411 0.0068789085516442238
leaf_weight=47.633584544062614 99.366589143872261 155.7248790115118 420.59395596385002 47.661895990371704 35.232843577861786 71.737092331051826 21.253786861896515
leaf_count=161 359 536 1600 157 117 259 72
internal_value=0.000349581 -0.000330828 0.000929236 0.00385594 0.00861653 -0.00471004 -0.00153093
internal_weight=899.205 747.423 576.319 151.782 82.8947 171.104 68.8874
internal_count=3261 2754 2136 507 274 618 233
is_linear=0
shrinkage=0.03


Tree=221
num_leaves=8
num_cat=0
split_feature=45 44 9 7 8 7 2
split_gain=6.06412 3.6934 3.54772 3.33026 6.67664 6.41427 2.5303
threshold=-26.35640836820539 1303.8682399805537 1.9470288846153849 1.3812159375000002 1.3186872000000001 1.7082033750000003 0.98504313125000009
decision_type=2 2 2 2 2 2 2
left_child=3 2 -2 4 -1 -5 -3
right_child=1 6 -4 5 -6 -7 -8
leaf_value=0.0020420707812797744 -0.012165249921376057 0.0051714194061848948 0.010190968693457628 0.0087917090476153838 -0.013388753464891493 6.8800195289091436e-05 -0.0022727299880974986
leaf_weight=99.358149588108063 52.18400314450264 42.090006113052368 4.2425149977207175 138.8477613478899 30.913131877779961 179.88569094240665 384.22744263708591
leaf_count=296 263 132 15 387 90 501 1577
internal_value=-0.000148012 -0.00250715 -0.00967959 0.00232175 -0.00153991 0.00399337 -0.00144702
internal_weight=931.749 482.744 56.4265 449.005 130.271 318.733 426.317
internal_count=3261 1987 278 1274 386 888 1709
is_linear=0
shrinkage=0.03


Tree=222
num_leaves=8
num_cat=0
split_feature=62 48 15 53 2 15 16
split_gain=5.41496 5.09434 4.7638 5.57308 5.32222 4.76028 2.05214
threshold=3.5000000000000004 -1.5549999999999999 1.6486958333333337 3.7500000000000004 1.7448751875000001 1.0401205000000004 1.7222969000000001
decision_type=2 2 2 2 2 2 2
left_child=1 6 3 -2 -4 -3 -1
right_child=2 5 4 -5 -6 -7 -8
leaf_value=0.0025306977723269079 0.0059051344628420575 0 0 -0.0031647552406795622 0.0092209895106343705 0.019082971452350432 -0.011962415704747865
leaf_weight=24.506081208586693 63.83970382809639 19.68746817111969 246.3293766528368 610.05706040561199 72.086006566882133 33.877727881073952 10.168205961585043
leaf_count=76 180 61 707 1874 231 102 30
internal_value=-0.000131889 0.00687092 -0.00079734 -0.00224623 0.00217035 0.012571 -0.00132197
internal_weight=1080.55 88.2395 992.312 673.897 318.415 53.5652 34.6743
internal_count=3261 269 2992 2054 938 163 106
is_linear=0
shrinkage=0.03


Tree=223
num_leaves=7
num_cat=0
split_feature=62 6 24 52 0 9
split_gain=2.57152 3.88099 4.65067 2.98459 3.06564 0.795355
threshold=14.500000000000002 2.0524680000000006 1.1342890598499362 13.15 1.0534620000000003 0.94989849100000034
decision_type=2 2 2 2 2 2
left_child=3 2 -2 4 -1 -5
right_child=1 -3 -4 5 -6 -7
leaf_value=-0.0026825332628343792 -0.0076324132128871092 0.025975199370950584 0.0088962231920754961 0 0.0013392929976591464 -0.017204722624421718
leaf_weight=238.03797686100006 20.825664043426514 6.0974461138248435 39.710733696818352 4.0614931881427756 580.9662392437458 9.4641790241003019
leaf_count=847 73 19 146 21 2108 47
internal_value=0.000344163 0.00593273 0.0026681 -8.03308e-05 0.000130149 -0.0131325
internal_weight=899.164 66.6338 60.5364 832.53 819.004 13.5257
internal_count=3261 238 219 3023 2955 68
is_linear=0
shrinkage=0.03


Tree=224
num_leaves=8
num_cat=0
split_feature=45 44 1 37 9 7 3
split_gain=5.9058 5.4713 4.82922 4.16443 4.58883 3.84568 1.41895
threshold=117.3099710684328 1347.3393543366403 1.6733940000000003 1.1687760169264163 1.5017090480882935 1.3812159375000002 2.0986720000000005
decision_type=2 2 2 2 2 2 2
left_child=3 6 -3 5 -5 -1 -2
right_child=1 2 -4 4 -6 -7 -8
leaf_value=-0.00087428621981552651 -0.018878473772748743 0.026074487145794224 -0.0046936764827559038 -0.0044866009408951911 0.0014467755252492178 0.0048873881951048406 -0.0018230965995372798
leaf_weight=160.03472889959812 29.242870256304741 4.1871261820197132 13.044851392507551 230.86572527140379 224.560607239604 258.49007800221443 10.463040605187414
leaf_count=535 182 19 76 900 711 759 79
internal_value=-0.000147253 -0.00936288 0.00315675 0.000438904 -0.00150187 0.00261923 -0.0154064
internal_weight=930.889 56.9379 17.232 873.951 455.426 418.525 39.7059
internal_count=3261 356 95 2905 1611 1294 261
is_linear=0
shrinkage=0.03


Tree=225
num_leaves=8
num_cat=0
split_feature=62 48 37 21 23 44 48
split_gain=5.21167 4.96812 5.43016 4.72188 5.27036 4.44019 3.49082
threshold=3.5000000000000004 -4.504999999999999 1.0389640811434748 -0.049587600000000197 0.66064701213604982 1305.248388754603 -8.3549999999999986
decision_type=2 2 2 2 2 2 2
left_child=1 6 -3 5 -5 -2 -1
right_child=3 2 -4 4 -6 -7 -8
leaf_value=0.0061936247073411683 0.008177291736568915 0 0.017010008497159765 0.0083701136415784937 -0.0035270626536276833 4.5161886045167802e-05 -0.015778338193756361
leaf_weight=8.8339922577142733 71.390654563903809 25.510944560170174 42.58158765733242 32.697162985801697 500.8294580578804 386.52110213041306 11.207288742065428
leaf_count=27 207 80 128 100 1560 1125 34
internal_value=-0.000126948 0.00674669 0.0106915 -0.00078053 -0.00271339 0.00140828 -0.00504904
internal_weight=1079.57 88.1338 68.0925 991.438 533.527 457.912 20.0413
internal_count=3261 269 208 2992 1660 1332 61
is_linear=0
shrinkage=0.03


Tree=226
num_leaves=8
num_cat=0
split_feature=58 48 48 47 46 25 6
split_gain=2.48876 5.54675 5.05627 4.09544 3.60281 5.06726 4.40286
threshold=42.500000000000007 10.300000000000002 18.395000000000003 -15.136533650721274 18.617604521016009 1.9183690955383226 1.8014191000000004
decision_type=2 2 2 2 2 2 2
left_child=4 3 -3 -2 6 -6 -1
right_child=1 2 -4 -5 5 -7 -8
leaf_value=-0.0037745196767943528 0.011793128284284577 -0.0081456743160560584 0.017517889831293803 0.0022903194270797456 0.0087568572267304589 -0.010349126284055344 0.0025197156869569059
leaf_weight=336.61911509931087 51.931234300136566 60.840714767575264 5.2610736489295951 234.86057384312153 62.716029495000839 12.419531866908072 134.48108120262623
leaf_count=1244 179 236 19 833 229 61 460
internal_value=0.000340763 0.00232132 -0.00520811 0.00418469 -0.000887851 0.00502336 -0.00191129
internal_weight=899.129 352.894 66.1018 286.792 546.236 75.1356 471.1
internal_count=3261 1267 255 1012 1994 290 1704
is_linear=0
shrinkage=0.03


Tree=227
num_leaves=8
num_cat=0
split_feature=53 2 48 48 0 55 27
split_gain=6.07396 4.62385 4.61242 4.53496 3.90939 1.99775 0.340606
threshold=4.5357142857142865 1.1082128750000002 -14.364999999999997 -3.7649999999999992 0.77500383333333345 1355.6856265483111 1.5240921759380306
decision_type=2 2 2 2 2 2 2
left_child=1 4 6 -4 -1 -3 -2
right_child=2 5 3 -5 -6 -7 -8
leaf_value=-0.0085973689008834019 -0.020215651283685038 0.00094606236456391726 0.0047716536027230649 -0.00020369899110502524 0.0070416592777372113 -0.010874582268976966 -0.0022965375556735718
leaf_weight=20.444699361920357 7.3251118957996351 9.3330499306321126 230.6221449971199 530.36414185166359 36.236645862460136 89.023637771606445 6.6943680793046951
leaf_count=68 23 48 723 1814 120 443 22
internal_value=-0.000149959 -0.00555813 0.000904845 0.00127335 0.000788736 -0.00945749 -0.0148869
internal_weight=930.044 155.038 775.006 760.986 56.6813 98.3567 14.0195
internal_count=3261 679 2582 2537 188 491 45
is_linear=0
shrinkage=0.03


Tree=228
num_leaves=8
num_cat=0
split_feature=26 13 49 10 55 5 13
split_gain=4.79904 4.24733 3.77408 6.42242 3.36702 3.05909 2.82173
threshold=1.5871745195996874 2.1986409999999998 2.8750000000000004 1.4035750000000002 1381.6259653935792 0.81613166666666681 2.316853800000001
decision_type=2 2 2 2 2 2 2
left_child=2 5 4 -4 -1 -2 -3
right_child=1 6 3 -5 -6 -7 -8
leaf_value=0.0029729695010695971 -0.0012575522816217779 -0.020055358537909334 0.00082425903499705022 -0.0085541616165665194 -0.0017245435485778587 0.0065917303681616518 0
leaf_weight=221.52363848686218 50.531125903129578 8.323474660515787 111.70743203163147 140.19486729800701 352.92567394673824 180.02444168925285 13.495307981967924
leaf_count=656 155 24 319 479 1029 560 39
internal_value=-0.000122498 0.00345083 -0.00125573 -0.00430336 3.89352e-05 0.00474637 -0.00822849
internal_weight=1078.73 252.374 826.352 251.902 574.449 230.556 21.8188
internal_count=3261 778 2483 798 1685 715 63
is_linear=0
shrinkage=0.03


Tree=229
num_leaves=6
num_cat=0
split_feature=53 54 43 4 18
split_gain=2.4916 2.83974 4.84717 4.75447 2.29153
threshold=2.8375000000000004 1398.7404109286319 1310.1895454875298 1.5545748060796651 1.6315032500000002
decision_type=2 2 2 2 2
left_child=4 3 -3 -2 -1
right_child=1 2 -4 -5 -6
leaf_value=0 0.00074768693210988039 -0.0070384213652102384 0.0043327983731695323 -0.0048314928314955215 0.02075053954751321
leaf_weight=9.6330393254756945 413.88715024292469 35.859898552298546 232.40468855202198 199.02514161169529 8.2274689972400648
leaf_count=33 1422 123 820 836 27
internal_value=0.000337942 6.66415e-05 0.00266093 -0.00102502 0.0108579
internal_weight=899.037 881.177 268.265 612.912 17.8605
internal_count=3261 3201 943 2258 60
is_linear=0
shrinkage=0.03


Tree=230
num_leaves=7
num_cat=0
split_feature=45 43 52 37 54 5
split_gain=5.60323 3.88756 6.34823 3.86137 4.42869 3.5458
threshold=117.3099710684328 1478.2398143292046 7.0500000000000007 1.1687760169264163 1434.6869272291121 0.92978383333333336
decision_type=2 2 2 2 2 2
left_child=3 -2 -3 5 -5 -1
right_child=1 2 -4 4 -6 -7
leaf_value=-0.0044054172840389235 -0.017398526232633747 0.027765861598500599 -0.0071051423218495956 -0.00075287549935557497 -0.01546934249258624 0.0036074214973299962
leaf_weight=52.573661044239998 25.740348190069199 3.5316817760467556 27.007025733590126 436.88461113721132 17.658638253808022 366.1265005171299
leaf_count=182 157 19 180 1550 61 1112
internal_value=-0.000152559 -0.00918252 -0.000691703 0.000414783 -0.00145557 0.00251383
internal_weight=929.522 56.2791 30.5387 873.243 454.543 418.7
internal_count=3261 356 199 2905 1611 1294
is_linear=0
shrinkage=0.03


Tree=231
num_leaves=8
num_cat=0
split_feature=9 22 41 48 48 56 54
split_gain=4.75614 5.08282 4.33175 3.9954 5.81956 3.85197 0.977998
threshold=1.1458257013246145 0.87206634187967846 1.2491308053357242 -4.7849999999999993 -14.364999999999997 32.500000000000007 1381.8487317456941
decision_type=2 2 2 2 2 2 2
left_child=1 6 -3 4 -2 -5 -1
right_child=3 2 -4 5 -6 -7 -8
leaf_value=0.0029819800257783495 0.00929109954865758 -0.0020679697340514839 0.0063995820365972053 -0.0008485711522487414 -0.006167990351324387 0.0060503628114102117 0.024090268298507366
leaf_weight=7.4242867827415493 21.255736649036407 101.85283935070038 104.95843496918678 540.52182529866695 208.39448171854019 82.045553356409073 11.031419545412062
leaf_count=21 65 294 330 1634 636 250 31
internal_value=-0.000122043 0.00370383 0.00210585 -0.00117476 -0.00453977 2.90405e-05 0.0181873
internal_weight=1077.48 225.267 206.811 852.218 229.65 622.567 18.4557
internal_count=3261 676 624 2585 701 1884 52
is_linear=0
shrinkage=0.03


Tree=232
num_leaves=8
num_cat=0
split_feature=62 48 57 52 43 9 9
split_gain=2.46933 4.49484 5.84447 2.84243 5.68458 2.6765 0.799398
threshold=14.500000000000002 -0.29499999999999993 11.500000000000002 13.15 1548.6979682333747 1.777465102725367 0.94989849100000034
decision_type=2 2 2 2 2 2 2
left_child=3 2 -2 4 -1 -3 -5
right_child=1 5 -4 6 -6 -7 -8
leaf_value=-8.869417295761328e-05 -0.0010663826341657267 -0.0071727165795858576 0.021910384112670288 0 0.025038823876653866 0.010735126589795934 -0.017020757973321015
leaf_weight=812.56902568042278 12.712814182043074 24.137337237596512 22.021136030554771 4.0181485414504996 6.1705632358789435 7.9016339331865302 9.2872751355171186
leaf_count=2929 45 92 75 21 26 26 47
internal_value=0.000337691 0.00580813 0.0130839 -7.82262e-05 0.000124685 -0.00150358 -0.012909
internal_weight=898.818 66.7729 34.734 832.045 818.74 32.039 13.3054
internal_count=3261 238 120 3023 2955 118 68
is_linear=0
shrinkage=0.03


Tree=233
num_leaves=8
num_cat=0
split_feature=53 48 43 3 0 38 45
split_gain=5.73844 4.49011 4.6049 4.28368 3.17013 2.23522 0.331593
threshold=4.5357142857142865 -14.364999999999997 1295.3178295676869 1.2472737350000003 0.77500383333333345 0.8761454984720064 -117.97461108874664
decision_type=2 2 2 2 2 2 2
left_child=3 6 -3 4 -1 -5 -2
right_child=1 2 -4 5 -6 -7 -8
leaf_value=-0.0097913646251495037 -0.0017873526137045157 0.0096901418031374639 0.00054122047260950624 0.0036840935559549707 0.002974605657104517 -0.012204970294403589 -0.019626328264457742
leaf_weight=22.161692902445793 6.2583994567394257 52.268519371747971 708.39726641774178 4.9660633504390708 59.427231818437576 67.584260396659374 7.7104520946741086
leaf_count=75 17 146 2391 23 208 373 28
internal_value=-0.000153049 0.000869147 0.00123298 -0.00542762 -0.000285375 -0.0106453 -0.0147375
internal_weight=928.774 774.635 760.666 154.139 81.5889 72.5503 13.9689
internal_count=3261 2582 2537 679 283 396 45
is_linear=0
shrinkage=0.03


Tree=234
num_leaves=8
num_cat=0
split_feature=62 46 38 31 47 63 37
split_gain=4.99217 4.88985 4.94597 4.84823 6.58884 6.36078 2.45608
threshold=3.5000000000000004 2.849027457383841 1.2657026489257561 1.2691089739415673 13.316933734247757 13.500000000000002 1.044618981807919
decision_type=2 2 2 2 2 2 2
left_child=1 2 -1 4 -2 -5 -3
right_child=3 6 -4 5 -6 -7 -8
leaf_value=-0.0105446556340988 0.0035770444150270311 0.0019261147816474265 0.0079205471356161693 -0.0013419428540884584 -0.0052376357677149888 -0.011166525412751984 0.020353673164296451
leaf_weight=20.154857501387596 338.97549389302731 14.657882735133169 29.688531562685966 487.78822126984596 94.391640201210976 67.762226343154907 23.315551623702049
leaf_count=64 1006 46 86 1501 280 205 73
internal_value=-0.000117475 0.00662153 0 -0.000758337 0.00157297 -0.00262984 0.0144433
internal_weight=1076.73 87.8168 49.8434 988.918 433.367 555.55 37.9734
internal_count=3261 269 150 2992 1286 1706 119
is_linear=0
shrinkage=0.03


Tree=235
num_leaves=8
num_cat=0
split_feature=11 11 44 48 27 10 27
split_gain=2.44227 3.13534 6.1874 3.05893 2.61861 3.0805 2.40495
threshold=0.78704720000000006 1.2371718000000003 1356.9365812932358 9.8600000000000012 1.3720790760868693 0.63324266666666673 0.8976309838103872
decision_type=2 2 2 2 2 2 2
left_child=4 2 -2 -3 6 -6 -1
right_child=1 3 -4 -5 5 -7 -8
leaf_value=0.010729514220754901 0.0009053231070854619 0.0019648112507349839 -0.0083110212890703979 -0.0047209433835958539 0 0.021565164834415427 -0.0066697173988560796
leaf_weight=9.6077388674020785 153.12721532583237 524.00403176248074 106.21269088983536 65.815869092941284 9.4791990518569964 13.968292295932768 16.616217404603958
leaf_count=34 554 1891 395 252 31 45 59
internal_value=0.000331845 -1.82973e-05 -0.00278916 0.00115465 0.00666732 0.0135231 0
internal_weight=898.831 849.16 259.34 589.82 49.6714 23.4475 26.224
internal_count=3261 3092 949 2143 169 76 93
is_linear=0
shrinkage=0.03


Tree=236
num_leaves=8
num_cat=0
split_feature=53 48 7 3 52 38 45
split_gain=5.51843 4.32916 4.28644 4.14631 3.10749 2.18921 0.32907
threshold=4.5357142857142865 -14.364999999999997 1.3812159375000002 1.2472737350000003 3.2111111111111117 0.8761454984720064 -117.97461108874664
decision_type=2 2 2 2 2 2 2
left_child=3 6 -3 4 -1 -5 -2
right_child=1 2 -4 5 -6 -7 -8
leaf_value=-0.014245317571464926 -0.0016845179107689017 -0.001534838871295818 0.0030248988554059698 0.0036307308574828508 0.0017514794676400602 -0.01205961363087577 -0.019393576766348886
leaf_weight=10.712778791785238 6.2573947906494141 297.30507495999336 463.45511641353369 4.976053223013877 70.867957279086113 66.99531764537096 7.6254403889179212
leaf_count=37 17 1110 1427 23 246 373 28
internal_value=-0.000152883 0.000847221 0.00120427 -0.00533712 -0.000280816 -0.0105004 -0.0145177
internal_weight=928.195 774.643 760.76 153.552 81.5807 71.9714 13.8828
internal_count=3261 2582 2537 679 283 396 45
is_linear=0
shrinkage=0.03


Tree=237
num_leaves=8
num_cat=0
split_feature=62 48 37 31 22 7 58
split_gain=4.8263 4.71838 4.79367 4.58858 6.80419 3.62437 2.34777
threshold=3.5000000000000004 -1.5549999999999999 1.0389640811434748 1.2691089739415673 2.1466341355999261 1.1353692500000003 43.500000000000007
decision_type=2 2 2 2 2 2 2
left_child=1 6 -3 5 -5 -2 -1
right_child=3 2 -4 4 -6 -7 -8
leaf_value=-0.0067300648826163732 -0.0012031854089056117 0 0.019013221588830887 -0.0032485443483939083 0.01422045637156035 0.0041887180127825555 0.0091405053922594091
leaf_weight=25.190729856491089 209.28978589177132 21.091029867529869 32.027447268366814 536.6985991448164 18.341807067394257 223.84507535398006 9.3456714153289777
leaf_count=77 622 66 97 1651 55 664 29
internal_value=-0.000115732 0.00651607 0.0120375 -0.000746268 -0.00256843 0.00152086 -0.00134907
internal_weight=1075.83 87.6549 53.1185 988.175 555.04 433.135 34.5364
internal_count=3261 269 163 2992 1706 1286 106
is_linear=0
shrinkage=0.03


Tree=238
num_leaves=7
num_cat=0
split_feature=52 7 25 48 8 3
split_gain=2.41325 10.851 3.84988 4.51978 4.24817 2.32638
threshold=3.1714285714285722 1.3716581250000004 0.90398638684636035 8.6950000000000021 2.0522752500000006 1.0107699000000003
decision_type=2 2 2 2 2 2
left_child=1 -1 3 -2 -4 -3
right_child=2 5 4 -5 -6 -7
leaf_value=0.033703091156667413 -0.0077653876256897599 0.0050126447199432926 4.2429668538190725e-05 0.011438922996628241 0.0086905443290331407 -0.010126645283585292
leaf_weight=8.5922970473766309 91.323541477322578 20.025983154773712 702.36675430834293 9.5691212862730008 53.788480192422867 13.06092858314514
leaf_count=28 324 69 2585 34 177 44
internal_value=0.000330009 0.00720903 0 -0.00546545 0.000718479 -0.000345093
internal_weight=898.727 41.6792 857.048 100.893 756.155 33.0869
internal_count=3261 141 3120 358 2762 113
is_linear=0
shrinkage=0.03


Tree=239
num_leaves=8
num_cat=0
split_feature=53 2 48 59 0 55 45
split_gain=5.31187 4.2772 4.21772 4.20447 3.64322 1.94412 0.313252
threshold=4.5357142857142865 1.1082128750000002 -14.364999999999997 58.500000000000007 0.73642833333333335 1355.6856265483111 -117.97461108874664
decision_type=2 2 2 2 2 2 2
left_child=1 4 6 -4 -1 -3 -2
right_child=2 5 3 -5 -6 -7 -8
leaf_value=-0.0090562426045014566 -0.0016630049733701577 0.0012272845106311265 6.3942779532815203e-05 0.0058403559263982378 0.0064207692146260797 -0.010493143788953515 -0.019208062886049381
leaf_weight=18.101988762617111 6.2581404149532318 9.217866122722624 620.86566698551178 139.89381698518991 38.495527625083923 87.151088394224644 7.55693371593952
leaf_count=61 17 48 2080 457 127 443 28
internal_value=-0.000153311 -0.0052511 0.000825722 0.00117801 0.000818532 -0.00906493 -0.0143726
internal_weight=927.541 152.966 774.575 760.759 56.5975 96.369 13.8151
internal_count=3261 679 2582 2537 188 491 45
is_linear=0
shrinkage=0.03


Tree=240
num_leaves=8
num_cat=0
split_feature=37 9 54 48 48 52 20
split_gain=4.43401 4.80115 6.11178 4.4571 4.97497 4.1267 2.76174
threshold=1.1687760169264163 1.5017090480882935 1342.0749995306426 0.6150000000000001 1.0450000000000002 3.1714285714285722 -0.11346095000000038
decision_type=2 2 2 2 2 2 2
left_child=3 5 -3 6 -5 -2 -1
right_child=1 2 -4 4 -6 -7 -8
leaf_value=-0.0081562413911046381 -0.012390448603297121 0.019023313031951879 -0.0028047495152638885 0.018933036241996815 -0.00033127719735440809 0.0042716981798486672 -0.0013305232854454565
leaf_weight=130.37008939683437 11.13402411341667 9.9041092842817289 237.57222545146942 10.705923423171042 197.80169850587845 366.40847094357014 111.20335902273655
leaf_count=446 31 29 707 33 608 1090 317
internal_value=-0.000111764 0.00149199 -0.00166543 -0.00240198 0.000685828 0.00363857 -0.00517405
internal_weight=1075.1 625.019 247.476 450.081 208.508 377.542 241.573
internal_count=3261 1857 736 1404 641 1121 763
is_linear=0
shrinkage=0.03


Tree=241
num_leaves=7
num_cat=0
split_feature=14 10 52 58 53 57
split_gain=2.46372 2.99302 2.96049 2.55998 1.55977 0.256019
threshold=2.260931563741424 2.2238650000000004 4.4142857142857155 10.500000000000002 12.366666666666669 12.500000000000002
decision_type=2 2 2 2 2 2
left_child=1 2 -1 -3 -2 -6
right_child=4 3 -4 -5 5 -7
leaf_value=0.003437446028014414 -0.01636905185364983 0.022304481799044922 -0.00098888652605201187 0.0035877763937973883 0.0031709740898758255 -0.0041038242736941939
leaf_weight=173.17529697716236 10.600401416420938 6.3515041619539252 606.00115050375462 89.996713429689407 5.0728629380464536 7.4588057547807693
leaf_count=574 44 22 2246 323 21 31
internal_value=0.0003271 0.00062363 0 0.00555516 -0.00885904 0
internal_weight=898.657 875.525 779.176 96.3482 23.1321 12.5317
internal_count=3261 3165 2820 345 96 52
is_linear=0
shrinkage=0.03


Tree=242
num_leaves=8
num_cat=0
split_feature=45 44 59 1 47 15 22
split_gain=5.10869 5.26909 4.38398 4.26685 3.66906 3.64286 1.2696
threshold=117.3099710684328 1347.3393543366403 58.500000000000007 1.7097672000000002 -10.845282486872064 0.38968465000000002 2.4083754366771108
decision_type=2 2 2 2 2 2 2
left_child=2 6 5 -3 -4 -1 -2
right_child=1 3 4 -5 -6 -7 -8
leaf_value=0.017614084170660065 -0.01670769588538008 0.024412818885361551 -0.0029686975838723222 -0.0041730712229495117 0.0072173245448713683 -0.00089976561731768966 0
leaf_weight=7.5862782150506964 34.393160752952099 4.3830040618777302 36.114331498742104 12.663063384592531 128.05340120196342 700.06809984892607 3.7346636876463881
leaf_count=22 234 20 120 75 404 2359 27
internal_value=-0.000155247 -0.00886538 0.000380678 0.00339372 0.00478726 -0.000609935 -0.0149897
internal_weight=926.996 55.1739 871.822 17.0461 164.168 707.654 38.1278
internal_count=3261 356 2905 95 524 2381 261
is_linear=0
shrinkage=0.03


Tree=243
num_leaves=8
num_cat=0
split_feature=62 46 41 10 26 24 26
split_gain=4.65626 4.7164 4.47838 4.26867 4.26167 1.68767 1.6798
threshold=3.5000000000000004 9.2870538364699105 1.086757113754327 0.63324266666666673 1.5871745195996874 1.1342890598499362 1.1741157853621369
decision_type=2 2 2 2 2 2 2
left_child=1 2 -1 5 -5 -2 -3
right_child=3 6 -4 4 -6 -7 -8
leaf_value=-0.014111643991758642 1.0284008708247473e-05 0 0.0054013158455613833 -0.0022894627662589299 0.0024267233483657 0.014163375957831341 0.019716190283424626
leaf_weight=11.221887364983557 17.976406753063202 6.7568107694387463 47.303890943527222 729.31621944904327 218.42870619893074 20.911290794610977 22.152786061167717
leaf_count=39 50 21 139 2208 672 62 70
internal_value=-0.000112947 0.00640861 0.000821523 -0.000733028 -0.0011681 0.00867514 0.0159638
internal_weight=1074.07 87.4354 58.5258 986.633 947.745 38.8877 28.9096
internal_count=3261 269 178 2992 2880 112 91
is_linear=0
shrinkage=0.03


Tree=244
num_leaves=8
num_cat=0
split_feature=58 48 48 55 55 53 55
split_gain=2.42801 5.11515 4.86996 4.00609 2.6852 3.70543 2.97781
threshold=42.500000000000007 10.300000000000002 18.395000000000003 1435.5719011342042 1341.4808877663686 5.2678571428571432 1402.7412311136145
decision_type=2 2 2 2 2 2 2
left_child=4 3 -3 -2 5 -1 -6
right_child=1 2 -4 -5 6 -7 -8
leaf_value=-0.0058060561879840801 0.0049901669723604134 -0.0079007771759847523 0.017248058187938477 -0.0095553174593400146 -0.0026892657067726566 0.017473208653456775 0.002446337461651139
leaf_weight=6.2101835906505611 272.24841786921024 60.254411965608597 5.2915975153446189 15.033266633749006 396.40217143297195 14.121792763471602 129.01660461723804
leaf_count=22 957 236 19 55 1456 51 465
internal_value=0.000325154 0.00228194 -0.00497575 0.00406451 -0.000888849 0.00913626 -0.00136684
internal_weight=898.578 352.828 65.546 287.282 545.751 20.332 525.419
internal_count=3261 1267 255 1012 1994 73 1921
is_linear=0
shrinkage=0.03


Tree=245
num_leaves=8
num_cat=0
split_feature=53 48 2 48 0 44 27
split_gain=5.06022 4.13958 4.07328 4.06566 3.50013 2.93522 0.392596
threshold=4.5357142857142865 -14.364999999999997 1.1082128750000002 -3.7649999999999992 0.73642833333333335 1427.7314906748736 1.5240921759380306
decision_type=2 2 2 2 2 2 2
left_child=2 6 4 -3 -1 -4 -2
right_child=1 3 5 -5 -6 -7 -8
leaf_value=-0.0089429340775560532 -0.019651921334919362 0.0044599780653201996 -0.010340952054200051 -0.00024913774838124372 0.0062404782795246723 0.0081324540302356533 -0.0017155482479117648
leaf_weight=18.031674981117249 7.1755681782960874 230.97062770277262 90.384434387087822 529.43045293539762 38.610080122947693 5.1501969397068015 6.5717980861663818
leaf_count=61 23 723 473 1814 127 18 22
internal_value=-0.000152197 0.000800906 -0.00514288 0.00114985 0.000755168 -0.00889114 -0.0142896
internal_weight=926.325 774.148 152.176 760.401 56.6418 95.5346 13.7474
internal_count=3261 2582 679 2537 188 491 45
is_linear=0
shrinkage=0.03


Tree=246
num_leaves=8
num_cat=0
split_feature=15 2 2 15 58 10 54
split_gain=4.25686 6.21326 5.32005 5.274 3.51062 3.52389 1.53575
threshold=1.6486958333333337 1.5486540625000005 1.4589366000000001 2.2773101666666675 72.500000000000014 0.63324266666666673 1387.0988596819145
decision_type=2 2 2 2 2 2 2
left_child=4 2 -2 -3 5 -1 -6
right_child=1 3 -4 -5 6 -7 -8
leaf_value=0.010439891140294713 0.0013815386844400267 0.011871839322179487 -0.012542282868304989 -0.0016257035854413632 -0.021660927644784587 -0.0014521213108961595 0
leaf_weight=20.709923923015594 196.24858902394772 87.398362889885902 26.098589360713959 30.984953984618187 9.1954575479030627 694.9583874642849 7.516908347606658
leaf_count=59 564 276 75 97 28 2139 23
internal_value=-0.00010691 0.00262354 -0.000216327 0.00812155 -0.00142175 -0.00103805 -0.0143823
internal_weight=1073.11 340.73 222.347 118.383 732.381 715.668 16.7124
internal_count=3261 1012 639 373 2249 2198 51
is_linear=0
shrinkage=0.03


Tree=247
num_leaves=7
num_cat=0
split_feature=17 18 18 6 27 1
split_gain=2.41256 3.35135 4.09514 2.63908 2.38778 1.48408
threshold=2.2367598750000002 1.8654500000000003 1.9789167000000003 2.165945900000001 0.8976309838103872 0.95066870000000014
decision_type=2 2 2 2 2 2
left_child=1 3 -3 -1 -2 -6
right_child=4 2 -4 -5 5 -7
leaf_value=-0.00052421095698302906 0.0071020390873354237 0.012494542193763518 0 0.0057091557377972916 0 -0.013947662990553026
leaf_weight=705.49735391139984 4.9518941640853873 43.425678491592407 49.884379789233208 64.905590891838074 6.0985292494297054 23.742574855685234
leaf_count=2579 20 153 183 214 22 90
internal_value=0.000320128 0.000670951 0.00597791 0 -0.00713652 -0.0107392
internal_weight=898.506 863.713 93.3101 770.403 34.793 29.8411
internal_count=3261 3129 336 2793 132 112
is_linear=0
shrinkage=0.03


Tree=248
num_leaves=7
num_cat=0
split_feature=45 59 48 23 43 52
split_gain=4.81981 4.20821 4.32892 3.97007 3.92265 6.05361
threshold=117.3099710684328 58.500000000000007 -3.7649999999999992 0.65169429275880197 1478.2398143292046 7.0500000000000007
decision_type=2 2 2 2 2 2
left_child=1 2 -1 -3 -2 -6
right_child=4 3 -4 -5 5 -7
leaf_value=0.002912334370922347 -0.017056034547923545 -0.013973119897984375 -0.0021730675171865777 0.0058569750311883778 0.027585792356029534 -0.0066127764244921549
leaf_weight=211.07996681332588 24.727594122290611 6.9539107978343955 495.92815242707729 157.28848949074745 3.5384806767106083 26.22069589048624
leaf_count=697 157 20 1684 504 19 180
internal_value=-0.000154502 0.000362282 -0.000608556 0.00467892 -0.0086693 -0.000120714
internal_weight=925.737 871.251 707.008 164.242 54.4868 29.7592
internal_count=3261 2905 2381 524 356 199
is_linear=0
shrinkage=0.03


Tree=249
num_leaves=8
num_cat=0
split_feature=62 46 38 47 31 0 26
split_gain=4.50069 4.54204 4.59159 4.31102 6.53839 3.65331 2.89587
threshold=3.5000000000000004 2.849027457383841 1.2657026489257561 13.316933734247757 1.2535719434344272 0.61751616666666675 1.1201840061807427
decision_type=2 2 2 2 2 2 2
left_child=1 2 -1 4 -2 -5 -3
right_child=3 6 -4 5 -6 -7 -8
leaf_value=-0.010280013161897783 0.0035637308299750568 -0.0002039263788281503 0.0075625620765863745 0.013268837213909345 -0.0019774186872777125 -0.0056036913842414486 0.017612744597322229
leaf_weight=19.993976786732674 320.6642167121172 6.5627291500568381 29.615039169788361 6.9601698964834204 466.93897964060307 190.72308610379696 31.037002116441727
leaf_count=64 956 21 86 21 1411 604 98
internal_value=-0.000107354 0.00631237 0 -0.000717593 0.00024392 -0.00466273 0.0138922
internal_weight=1072.5 87.2087 49.609 985.286 787.603 197.683 37.5997
internal_count=3261 269 150 2992 2367 625 119
is_linear=0
shrinkage=0.03


Tree=250
num_leaves=7
num_cat=0
split_feature=14 32 21 52 15 57
split_gain=2.39045 2.6434 4.97327 2.86584 1.89174 1.91383
threshold=2.260931563741424 2.1911678843380566 -0.038187999999999944 3.1714285714285722 0.91362900000000014 18.500000000000004
decision_type=2 2 2 2 2 2
left_child=1 3 -3 -1 -2 -6
right_child=4 2 -4 -5 5 -7
leaf_value=0.0079166361433799029 -0.016557267770516561 -0.0061445388006515778 0.010524073380123554 -0.00030875166290626738 0.011659013867632706 -0.009345035735555866
leaf_weight=38.041337966918945 11.200831264257433 18.36648291349411 55.861116364598274 763.19239830970764 5.0187714248895627 6.7984431833028793
leaf_count=127 48 70 196 2772 20 28
internal_value=0.000317132 0.000609178 0.00595312 6.31675e-05 -0.00875206 0
internal_weight=898.479 875.461 74.2276 801.234 23.018 11.8172
internal_count=3261 3165 266 2899 96 48
is_linear=0
shrinkage=0.03


Tree=251
num_leaves=8
num_cat=0
split_feature=7 26 28 44 28 31 45
split_gain=4.71292 5.29399 6.235 5.55472 4.49683 5.70767 2.53503
threshold=1.3812159375000002 0.8094040088650597 1.6646435445521017 1495.6848110091457 1.3162643584321472 1.2741339816990669 48.736348973826132
decision_type=2 2 2 2 2 2 2
left_child=4 2 -2 -3 5 -1 -6
right_child=1 3 -4 -5 6 -7 -8
leaf_value=-0.0033831810600235789 0.025755570969352073 -0.00020333343094622718 0 0.010457917866741724 -0.01467944810505532 0.006978161765968759 0
leaf_weight=248.83821649849415 15.210495859384535 488.81925643235445 19.199403434991837 45.867089807987213 38.543178588151932 55.997821278870106 12.80773178488016
leaf_count=1049 44 1606 54 127 130 184 67
internal_value=-0.000151215 0.00150681 0.0126268 0.000690888 -0.00287769 -0.00134897 -0.0109996
internal_weight=925.283 569.096 34.4099 534.686 356.187 304.836 51.3509
internal_count=3261 1831 98 1733 1430 1233 197
is_linear=0
shrinkage=0.03


Tree=252
num_leaves=8
num_cat=0
split_feature=62 46 41 47 31 7 15
split_gain=4.32976 4.40256 4.252 4.12089 6.18566 3.60505 1.55289
threshold=3.5000000000000004 9.2870538364699105 1.086757113754327 13.316933734247757 1.2535719434344272 1.1405563687500002 1.0401205000000004
decision_type=2 2 2 2 2 2 2
left_child=1 2 -1 4 -2 -5 -3
right_child=3 6 -4 5 -6 -7 -8
leaf_value=-0.0138387258559466 0.0034637159467553703 0.0011433402999651327 0.0052420698906449565 -0.011110997189803476 -0.0019273090755613574 -0.0017545929512110564 0.020198494369939132
leaf_weight=11.106983855366705 320.50719872117043 9.3334307521581668 47.229683518409729 54.343787670135498 466.62482127547264 143.06656511127949 19.388576611876488
leaf_count=39 956 29 139 159 1411 466 62
internal_value=-0.000107138 0.0061943 0.000773684 -0.000706184 0.000233026 -0.0045663 0.0154604
internal_weight=1071.6 87.0587 58.3367 984.542 787.132 197.41 28.722
internal_count=3261 269 178 2992 2367 625 91
is_linear=0
shrinkage=0.03


Tree=253
num_leaves=8
num_cat=0
split_feature=55 46 52 0 32 7 38
split_gain=2.34467 3.88008 2.84977 4.60886 3.74517 2.48494 0.00757751
threshold=1434.233858835008 -4.4626049747625975 4.1214285714285728 1.0534620000000003 0.81242258952355639 1.7622174375000002 1.9067544247737518
decision_type=2 2 2 2 2 2 2
left_child=2 5 4 -4 -1 -2 -3
right_child=1 6 3 -5 -6 -7 -8
leaf_value=-0.0052059539771871889 0.012762029799181871 -0.020143608168049144 -0.0045335230514878411 0.0011686280944016114 0.0067140386925245545 -0.0074726552483142909 -0.0027788954695696952
leaf_weight=24.925832718610764 8.4735906869173068 10.900795325636865 163.02304823696613 556.17138619720936 121.44753701984882 8.217196971178053 5.3049674779176703
leaf_count=81 31 41 591 2064 405 28 20
internal_value=0.000310909 -0.00724581 0.000648728 -9.12944e-05 0.00443919 0.0014614 -0.0170368
internal_weight=898.464 32.8966 865.568 719.194 146.373 16.6908 16.2058
internal_count=3261 120 3141 2655 486 59 61
is_linear=0
shrinkage=0.03


Tree=254
num_leaves=8
num_cat=0
split_feature=53 48 44 24 5 47 27
split_gain=4.79957 4.05044 3.87901 3.22874 3.41363 3.17111 0.360363
threshold=4.5357142857142865 -14.364999999999997 1303.8682399805537 1.05099861256609 2.0194533333333338 -3.5325630979633611 1.5240921759380306
decision_type=2 2 2 2 2 2 2
left_child=3 6 -3 4 -1 -5 -2
right_child=1 2 -4 5 -6 -7 -8
leaf_value=-0.0041449389883599008 -0.019433801619469847 -0.0091814529951144263 0.0015957454082953838 -0.0019982172922493667 0.010677102098718888 -0.014451420373054531 -0.001743099278321787
leaf_weight=47.282667249441147 7.1360218822956067 28.725297376513481 730.90298014879227 43.227882713079453 17.522383213043213 43.232617408037186 6.5668942779302597
leaf_count=163 23 137 2400 233 57 226 22
internal_value=-0.000145628 0.000780238 0.00112578 -0.00502319 0 -0.00875024 -0.0141681
internal_weight=924.597 773.331 759.628 151.266 64.8051 86.4605 13.7029
internal_count=3261 2582 2537 679 220 459 45
is_linear=0
shrinkage=0.03


Tree=255
num_leaves=8
num_cat=0
split_feature=62 46 38 47 31 33 37
split_gain=4.17753 4.29222 4.34384 3.95655 5.94831 3.24907 2.196
threshold=3.5000000000000004 2.849027457383841 1.2657026489257561 13.316933734247757 1.2535719434344272 1.4214854580174412 1.044618981807919
decision_type=2 2 2 2 2 2 2
left_child=1 2 -1 4 -2 -5 -3
right_child=3 6 -4 5 -6 -7 -8
leaf_value=-0.010076603493723026 0.0033985641233158421 0.0015802091594053645 0.0073060203717912444 0 -0.0018892513612693632 -0.007594707195654673 0.019150331182471291
leaf_weight=19.887910693883896 320.34435738623142 14.602026760578154 29.604921653866768 79.407531604170799 466.36109466850758 117.87033669650555 22.809352874755859
leaf_count=64 956 46 86 232 1411 393 73
internal_value=-0.000101908 0.00609299 0 -0.00069071 0.000229054 -0.00447458 0.0134819
internal_weight=1070.89 86.9042 49.4928 983.983 786.705 197.278 37.4114
internal_count=3261 269 150 2992 2367 625 119
is_linear=0
shrinkage=0.03


Tree=256
num_leaves=8
num_cat=0
split_feature=33 22 48 11 17 37 51
split_gain=2.44489 4.44344 4.64946 3.57382 5.61011 3.32655 0.362253
threshold=0.78701121477058045 0.78727559366757871 -0.87999999999999989 1.2371718000000003 1.2423897500000003 2.4705455082813201 12.818918717417432
decision_type=2 2 2 2 2 2 2
left_child=1 6 -3 4 -2 -5 -1
right_child=3 2 -4 5 -6 -7 -8
leaf_value=0 -0.012889632332746532 0.017641067055510298 0.00047663961904734231 0.00072232901532086834 -0.0008691296899634662 0.018465554362027268 -0.013293364659147277
leaf_weight=5.9958812147378904 42.872244417667389 27.898696735501289 34.53847037255764 581.66529707610607 191.33105620741844 7.8803115040063849 6.2940046936273575
leaf_count=20 155 93 125 2110 705 31 22
internal_value=0.000305254 0.00543807 0.00892126 -0.000136086 -0.00328707 0.00107184 -0.00893035
internal_weight=898.476 74.7271 62.4372 823.749 234.203 589.546 12.2899
internal_count=3261 260 218 3001 860 2141 42
is_linear=0
shrinkage=0.03


Tree=257
num_leaves=8
num_cat=0
split_feature=53 44 29 2 37 26 44
split_gain=4.62351 3.90805 5.29396 3.79543 3.63005 3.43188 2.84785
threshold=4.5357142857142865 1303.8682399805537 1.7069934782298455 1.1082128750000002 1.648340216195787 1.4943640069986837 1427.7314906748736
decision_type=2 2 2 2 2 2 2
left_child=3 2 -2 4 -1 -3 -5
right_child=1 5 -4 6 -6 -7 -8
leaf_value=-0.0042923185856572092 -0.018188476683406465 0.0023688063698422534 0.0058127347383419396 -0.010060301991148815 0.010851504397058643 -0.0023957078478001898 0.0081379413431537009
leaf_weight=36.693793818354607 19.783978417515758 573.05647572875023 9.6453597247600538 88.983474172651768 19.946623474359512 170.84232521057129 5.1422544866800299
leaf_count=121 103 1701 38 473 67 740 18
internal_value=-0.000146355 0.000760442 -0.00949832 -0.00494305 0.000717386 0.00123089 -0.00860538
internal_weight=924.094 773.328 29.4293 150.766 56.6404 743.899 94.1257
internal_count=3261 2582 141 679 188 2441 491
is_linear=0
shrinkage=0.03


Tree=258
num_leaves=8
num_cat=0
split_feature=62 48 37 15 10 1 48
split_gain=4.04373 4.40418 4.49395 3.97251 4.72986 4.13273 3.2959
threshold=3.5000000000000004 -4.504999999999999 1.0389640811434748 1.6486958333333337 0.63324266666666673 1.6541798000000003 -8.3549999999999986
decision_type=2 2 2 2 2 2 2
left_child=1 6 -3 4 -2 -5 -1
right_child=3 2 -4 5 -6 -7 -8
leaf_value=0.0057729833654682049 0.011375153270169214 0 0.015598366764739795 0 -0.0025104871408938505 0.007466978338877499 -0.015611011058650467
leaf_weight=8.7555568814277667 20.224162459373474 25.237901821732521 41.70115140080452 227.24681009352207 647.24023102223873 88.380975872278214 11.041070625185965
leaf_count=27 58 80 128 658 1996 280 34
internal_value=-0.000100014 0.00600036 0.00977586 -0.000679778 -0.00201221 0.00203843 -0.00511513
internal_weight=1069.83 86.7357 66.9391 983.092 667.464 315.628 19.7966
internal_count=3261 269 208 2992 2054 938 61
is_linear=0
shrinkage=0.03


Tree=259
num_leaves=7
num_cat=0
split_feature=53 17 16 6 55 33
split_gain=2.34296 2.39057 2.44536 1.79513 1.72519 2.19442
threshold=2.8375000000000004 2.2367598750000002 1.9619952000000003 1.3541603000000002 1394.5215832215183 0.81071464582032859
decision_type=2 2 2 2 2 2
left_child=4 2 -2 -3 -1 -6
right_child=1 3 -4 -5 5 -7
leaf_value=0 -0.00012093004355790634 0 0.0050859676154449557 -0.01220170295687506 0 0.026563519703068136
leaf_weight=5.9731739312410381 758.66492776572704 11.589833512902258 87.749633580446243 22.42630797624588 5.8839705288410169 6.1037880778312683
leaf_count=20 2753 48 318 82 20 20
internal_value=0.000304077 3.93031e-05 0.000394237 -0.00749093 0.0104758 0.0163587
internal_weight=898.392 880.431 846.415 34.0161 17.9609 11.9878
internal_count=3261 3201 3071 130 60 40
is_linear=0
shrinkage=0.03


Tree=260
num_leaves=7
num_cat=0
split_feature=45 33 56 7 58 12
split_gain=4.36711 3.38762 4.73123 3.46112 2.46342 1.10833
threshold=117.3099710684328 0.80117486140946703 21.500000000000004 1.3812159375000002 10.500000000000002 1.7845795625000003
decision_type=2 2 2 2 2 2
left_child=1 2 -1 -3 -2 -6
right_child=4 3 -4 -5 5 -7
leaf_value=0 0.0084245189128297135 -0.0016343953911112353 -0.016270942286554173 0.0023879571817127724 -0.011802526780731733 0
leaf_weight=34.784084744751453 3.7701271697878829 296.79104149341583 23.601756624877453 514.6151749715209 45.779227510094643 3.8405563980340949
leaf_count=142 18 1072 98 1593 319 19
internal_value=-0.000147636 0.000338654 -0.00645974 0.000879403 -0.00833773 -0.0104696
internal_weight=923.182 869.792 58.3858 811.406 53.3899 49.6198
internal_count=3261 2905 240 2665 356 338
is_linear=0
shrinkage=0.03


Tree=261
num_leaves=8
num_cat=0
split_feature=37 53 47 26 56 48 43
split_gain=3.84861 4.69597 4.66919 4.44233 4.44661 3.56472 2.9329
threshold=1.1687760169264163 3.683333333333334 2.4034673944336196 1.5871745195996874 32.500000000000007 2.2650000000000001 1476.5329509246815
decision_type=2 2 2 2 2 2 2
left_child=1 2 -1 4 -2 -3 -5
right_child=3 5 -4 6 -6 -7 -8
leaf_value=-0.0014424859166845873 -0.001132750919256753 -0.0053387027355195757 0.018704600816783514 0.0091666259544668192 0.0071166302466357826 0.00022715522691746192 0
leaf_weight=17.551963686943054 416.04269644618034 257.95081306993961 16.388338297605515 91.508487835526466 66.426235109567642 155.32252553105354 47.844834744930267
leaf_count=50 1205 830 46 291 196 478 165
internal_value=-9.71948e-05 -0.00224018 0.00795049 0.00139819 0 -0.0031836 0.00607552
internal_weight=1069.04 447.214 33.9403 621.822 482.469 413.273 139.353
internal_count=3261 1404 96 1857 1401 1308 456
is_linear=0
shrinkage=0.03


Tree=262
num_leaves=7
num_cat=0
split_feature=11 59 11 53 36 59
split_gain=2.32833 3.33893 2.87883 6.93787 3.41997 2.38058
threshold=0.78704720000000006 49.500000000000007 1.2371718000000003 5.0500000000000007 1.7757922784787039 29.500000000000004
decision_type=2 2 2 2 2 2
left_child=1 5 3 -2 -4 -1
right_child=2 -3 4 -5 -6 -7
leaf_value=0.0066252147784990889 0.0015981836993307361 0.019684293908728261 0.002318714993804196 -0.0080826668939528064 -0.0031276168126789699 -0.0082025957225745436
leaf_weight=26.572211891412735 141.23477366566658 11.242576837539671 462.18067727982998 117.09277950227261 128.09817188978195 11.944007292389868
leaf_count=91 512 35 1655 437 488 43
internal_value=0.000301349 0.00648374 -4.02846e-05 -0.00270302 0.00107957 0.00110869
internal_weight=898.365 49.7588 848.606 258.328 590.279 38.5162
internal_count=3261 169 3092 949 2143 134
is_linear=0
shrinkage=0.03


Tree=263
num_leaves=8
num_cat=0
split_feature=53 48 43 24 0 47 27
split_gain=4.32372 3.94746 4.04197 3.00344 3.47146 3.1708 0.335526
threshold=4.5357142857142865 -14.364999999999997 1295.3178295676869 1.05099861256609 0.73642833333333335 -3.5325630979633611 1.5240921759380306
decision_type=2 2 2 2 2 2 2
left_child=3 6 -3 4 -1 -5 -2
right_child=1 2 -4 5 -6 -7 -8
leaf_value=-0.01034754806678732 -0.019243467814611549 0.0089863344782621524 0.00041562153961768503 -0.0016859934403471465 0.0044437355523904432 -0.014181014143603201 -0.0017530936885389486
leaf_weight=18.240255862474442 7.098831467330454 52.266184061765671 706.75162730365992 42.686031579971313 46.471602663397789 42.423496767878532 6.5598233044147491
leaf_count=63 23 146 2391 233 157 226 22
internal_value=-0.000148432 0.000725628 0.00106729 -0.00480402 0 -0.00844122 -0.0140561
internal_weight=922.498 772.676 759.018 149.821 64.7119 85.1095 13.6587
internal_count=3261 2582 2537 679 220 459 45
is_linear=0
shrinkage=0.03


Tree=264
num_leaves=8
num_cat=0
split_feature=15 53 1 58 8 16 6
split_gain=3.74404 5.08514 4.89213 4.1163 3.97558 3.64742 2.93904
threshold=1.6486958333333337 4.366666666666668 1.6541798000000003 33.500000000000007 1.0146340500000002 1.5988564000000003 1.2220036000000001
decision_type=2 2 2 2 2 2 2
left_child=1 3 4 -1 -2 -4 -3
right_child=2 6 5 -5 -6 -7 -8
leaf_value=0.0096908060541410039 0.01478739302406441 0.0002833636073057284 0.020074508971808548 -0.001127715692006645 -0.0007918627663123306 0.0045401768148010243 -0.003952578047137693
leaf_weight=59.902675166726112 13.70416648685932 211.84365475177765 18.192979976534843 55.187180355191231 229.94445569813251 77.290048196911812 402.14869324862957
leaf_count=171 40 635 58 159 665 249 1284
internal_value=-9.11288e-05 -0.00132877 0.00247386 0.00431631 7.55368e-05 0.00815891 -0.00244619
internal_weight=1068.21 729.082 339.132 115.09 243.649 95.483 613.992
internal_count=3261 2249 1012 330 705 307 1919
is_linear=0
shrinkage=0.03


Tree=265
num_leaves=7
num_cat=0
split_feature=41 33 35 11 36 42
split_gain=2.33123 3.96458 8.13799 3.20272 3.19413 2.77698
threshold=0.93273746862108597 1.1266019017259177 1.6629886684840811 2.2984049000000009 1.1754706872845599 -1.0108047326358285
decision_type=2 2 2 2 2 2
left_child=1 -1 -3 4 -2 -5
right_child=3 2 -4 5 -6 -7
leaf_value=-0.019798182300415225 0.0024921433689032687 0.0099022640689411037 -0.009069959017704873 0.017725299288852598 -0.0013788901223198793 0.0011103436395139823
leaf_weight=10.86649529635906 347.34445521235466 31.324867516756058 48.818447709083557 16.57143434882164 416.50034132599831 26.821692079305649
leaf_count=41 1247 112 198 58 1507 98
internal_value=0.000298889 -0.00414647 -0.0012287 0.00084615 0.00034413 0.00861774
internal_weight=898.248 91.0098 80.1433 807.238 763.845 43.3931
internal_count=3261 351 310 2910 2754 156
is_linear=0
shrinkage=0.03


Tree=266
num_leaves=8
num_cat=0
split_feature=45 44 3 59 23 15 3
split_gain=4.13111 5.06118 4.50832 4.03194 3.84577 3.46425 1.67411
threshold=117.3099710684328 1347.3393543366403 2.0878386000000004 58.500000000000007 0.65169429275880197 0.38968465000000002 2.0986720000000005
decision_type=2 2 2 2 2 2 2
left_child=3 6 -3 5 -5 -1 -2
right_child=1 2 -4 4 -6 -7 -8
leaf_value=0.017151142066293718 -0.018177654618833784 0.017877311818836814 -0.0093631330901766379 -0.01383264019597751 0.0057088154538025536 -0.00091893216409419561 -5.4302026085841084e-05
leaf_weight=7.5595577359199515 26.554189652204514 8.8703223764896411 7.8359889015555373 6.925080180168151 157.0847652181983 697.49980580061674 9.5547298789024335
leaf_count=22 182 46 49 20 504 2359 79
internal_value=-0.000153208 -0.00816268 0.00386161 0.000316729 0.00454629 -0.000634792 -0.0144238
internal_weight=921.884 52.8152 16.7063 869.069 164.01 705.059 36.1089
internal_count=3261 356 95 2905 524 2381 261
is_linear=0
shrinkage=0.03


Tree=267
num_leaves=8
num_cat=0
split_feature=37 26 57 48 48 43 54
split_gain=3.6186 4.17689 4.07668 3.95388 4.80397 2.84593 2.70561
threshold=1.1687760169264163 1.5871745195996874 32.500000000000007 0.6150000000000001 1.0450000000000002 1476.5329509246815 1365.5936793899652
decision_type=2 2 2 2 2 2 2
left_child=3 2 -2 6 -5 -3 -1
right_child=1 5 -4 4 -6 -7 -8
leaf_value=-0.011228798606886373 -0.0010608469571096505 0.0089650943485941759 0.0069038853052287991 0.018661945331504566 -0.00026098930806540065 0 -0.0029100772620099863
leaf_weight=48.350136458873749 417.1296816021204 91.10497085750103 65.080941453576088 10.706191241741179 196.69789369404316 47.745480194687843 190.67129501700401
leaf_count=156 1210 291 191 33 608 165 607
internal_value=-8.38732e-05 0.00136599 0 -0.0021649 0.000741457 0.00591129 -0.0047965
internal_weight=1067.49 621.061 482.211 446.426 207.404 138.85 239.021
internal_count=3261 1857 1401 1404 641 456 763
is_linear=0
shrinkage=0.03


Tree=268
num_leaves=8
num_cat=0
split_feature=41 21 0 30 9 18 27
split_gain=2.25204 3.6344 4.9465 3.3266 3.96477 3.96143 2.84603
threshold=0.93273746862108597 0.94959160000000009 1.0761058333333335 1.2290648713995633 0.976358792857143 0.74366519500000006 0.75288213976989982
decision_type=2 2 2 2 2 2 2
left_child=3 6 -3 4 -1 -5 -2
right_child=1 2 -4 5 -6 -7 -8
leaf_value=-0.013168617905283113 0.0059228858762286072 0 0.023990227413257435 0.0064967760776248398 0.0069861249238452622 -0.013346149948908356 -0.00013594477059333902
leaf_weight=9.2989746481180173 74.522530406713486 13.043726593255998 12.156631618738173 7.9512572288513175 32.940780207514763 40.594354286789894 707.70727424323559
leaf_count=37 286 46 39 31 124 159 2539
internal_value=0.000294707 0.00083245 0.0116564 -0.00407942 0.00147625 -0.0093741 0.000416655
internal_weight=898.216 807.43 25.2004 90.7854 42.2398 48.5456 782.23
internal_count=3261 2910 85 351 161 190 2825
is_linear=0
shrinkage=0.03


Tree=269
num_leaves=8
num_cat=0
split_feature=36 32 46 26 23 2 63
split_gain=4.29165 4.95202 5.74702 4.25767 3.54064 2.61032 2.59518
threshold=1.7757922784787039 1.7628811336107628 6.2813299124984505 0.8094040088650597 0.58928270361558133 0.76773187500000006 6.5000000000000009
decision_type=2 2 2 2 2 2 2
left_child=3 6 -3 5 -5 -1 -2
right_child=1 2 -4 4 -6 -7 -8
leaf_value=0 0.0011034742002621457 0.0057027869177463403 -0.0071767283309543232 -0.016797156077353978 -0.0013976829922520018 0.014618057950730505 0.017810460695906312
leaf_weight=17.172327473759651 17.638215780258179 80.933294758200645 47.251056134700775 12.181820839643477 696.4579388871789 21.597830414772034 28.112083226442337
leaf_count=50 50 228 134 37 2618 64 80
internal_value=-0.000157686 0.00402121 0.000687406 -0.00117835 -0.00175115 0.00812773 0.0123136
internal_weight=921.345 173.935 128.184 747.41 708.64 38.7702 45.7503
internal_count=3261 492 362 2769 2655 114 130
is_linear=0
shrinkage=0.03


Tree=270
num_leaves=8
num_cat=0
split_feature=15 2 2 15 53 43 6
split_gain=3.53787 5.34264 5.30763 5.05662 4.88463 3.35227 2.82335
threshold=1.6486958333333337 1.5486540625000005 1.4589366000000001 2.2773101666666675 4.366666666666668 1320.677443918393 1.2220036000000001
decision_type=2 2 2 2 2 2 2
left_child=4 2 -2 -3 5 -1 -6
right_child=1 3 -4 -5 6 -7 -8
leaf_value=-0.0066537756175000578 0.0013918183388437356 0.011270080899078015 -0.012539666815938356 -0.0020133120873088014 0.00029063566919255312 0.0065452092675145389 -0.0038613169173907671
leaf_weight=17.106835395097733 195.80250646173954 86.19308003783226 26.001693740487099 30.708911135792732 211.71515081822872 97.946514308452606 401.43956950306892
leaf_count=49 564 276 75 97 635 281 1284
internal_value=-8.08235e-05 0.00241341 -0.000204763 0.00755319 -0.00128546 0.00424625 -0.00238264
internal_weight=1066.91 338.706 221.804 116.902 728.208 115.053 613.155
internal_count=3261 1012 639 373 2249 330 1919
is_linear=0
shrinkage=0.03


Tree=271
num_leaves=8
num_cat=0
split_feature=58 47 6 46 6 27 59
split_gain=2.29226 4.6807 3.72401 3.70599 4.03484 3.70941 3.14669
threshold=42.500000000000007 -15.136533650721274 1.5093857000000004 18.617604521016009 1.8014191000000004 1.4891706436759893 47.500000000000007
decision_type=2 2 2 2 2 2 2
left_child=3 2 -2 4 -1 -5 -3
right_child=1 6 -4 5 -6 -7 -8
leaf_value=-0.0037179140666703369 0.0014490294648011252 0.0055451610800449896 0.017351112129622984 0.0012281234595834416 0.0022947420061282119 0.018417098008558647 -0.0013237902986733825
leaf_weight=335.4743430018425 32.476317822933197 80.122507691383362 28.318718135356903 61.195337325334549 134.94360817968845 13.501693412661551 212.14640855789185
leaf_count=1244 118 289 96 244 460 46 764
internal_value=0.000289471 0.00219092 0.00965077 -0.00089075 -0.00192721 0.00512546 0.000482204
internal_weight=898.179 353.064 60.795 545.115 470.418 74.697 292.269
internal_count=3261 1267 214 1994 1704 290 1053
is_linear=0
shrinkage=0.03


Tree=272
num_leaves=7
num_cat=0
split_feature=45 44 1 15 48 22
split_gain=3.95271 4.93175 4.26469 3.16723 2.9877 1.27642
threshold=117.3099710684328 1347.3393543366403 1.6733940000000003 0.38968465000000002 -14.364999999999997 2.4083754366771108
decision_type=2 2 2 2 2 2
left_child=3 5 -3 -1 -5 -2
right_child=1 2 -4 4 -6 -7
leaf_value=0.01649636486268282 -0.016087338336357452 0.024903803609825987 -0.0038347665730934996 -0.011230582356187131 0.00037241594055170961 0
leaf_weight=8.7519806921482068 32.076214008033276 4.2806216552853611 12.443408250808714 18.419704504311085 841.19373060762882 3.5573211982846251
leaf_count=26 234 19 76 64 2815 27
internal_value=-0.000156258 -0.00802546 0.00379321 0.000301094 6.34781e-05 -0.0142763
internal_weight=920.723 52.3576 16.724 868.365 859.613 35.6335
internal_count=3261 356 95 2905 2879 261
is_linear=0
shrinkage=0.03


Tree=273
num_leaves=8
num_cat=0
split_feature=62 46 10 10 16 5 26
split_gain=3.90568 4.09435 3.65439 3.69684 3.53964 1.8218 1.56947
threshold=3.5000000000000004 9.2870538364699105 0.63324266666666673 0.71427650000000009 1.2853144000000001 2.0308633333333339 1.1741157853621369
decision_type=2 2 2 2 2 2 2
left_child=1 4 5 -4 -1 -2 -3
right_child=2 6 3 -5 -6 -7 -8
leaf_value=-0.0081368338010399111 0.011432448504790711 0 -0.011955748528114115 -0.00069636592766643488 0.0065894690251046446 -0.0015319891324296199 0.018597036221876705
leaf_weight=20.944560930132866 30.640429049730301 6.7579652369022396 25.558531418442726 915.55848218500614 37.00645187497139 7.9420616626739493 21.636196449398994
leaf_count=69 89 21 74 2806 109 23 70
internal_value=-8.12926e-05 0.00592773 -0.000652451 -0.00105866 0.000672811 0.00808055 0.0149157
internal_weight=1066.04 86.3452 979.7 941.117 57.951 38.5825 28.3942
internal_count=3261 269 2992 2880 178 112 91
is_linear=0
shrinkage=0.03


Tree=274
num_leaves=8
num_cat=0
split_feature=62 48 56 24 51 8 11
split_gain=2.29332 4.16263 5.52085 2.56653 6.14255 5.32717 2.25586
threshold=14.500000000000002 -0.29499999999999993 11.500000000000002 0.92390035493022127 11.800869596190418 2.0522752500000006 2.0126817000000004
decision_type=2 2 2 2 2 2 2
left_child=3 2 -2 4 -1 -5 -3
right_child=1 6 -4 5 -6 -7 -8
leaf_value=0.0040874040151208007 -0.0011941425904752904 -0.0062963181247512792 0.021029424341896551 -0.00010618930926941495 -0.0087060732375674015 0.0098217612827652522 0.010948238846211229
leaf_weight=49.236609280109406 12.733060970902441 25.476221293210987 22.307434260845184 644.60323104262352 87.010027572512627 50.17182545363903 6.4713179320096961
leaf_count=177 45 95 75 2378 305 163 23
internal_value=0.00029064 0.0055564 0.0125154 -0.000110137 -0.00387353 0.000593817 -0.00148031
internal_weight=898.01 66.988 35.0405 831.022 136.247 694.775 31.9475
internal_count=3261 238 120 3023 482 2541 118
is_linear=0
shrinkage=0.03


Tree=275
num_leaves=8
num_cat=0
split_feature=36 66 51 19 50 35 13
split_gain=4.0618 3.41353 4.06956 4.06045 2.76882 3.60968 1.81051
threshold=1.7757922784787039 1.0000000180025095e-35 14.392941752682415 1.1640524750000003 9.1419723446859358 2.1652810901738535 2.1608940000000003
decision_type=2 2 2 2 2 2 2
left_child=1 2 -1 -3 6 -6 -2
right_child=4 3 -4 -5 5 -7 -8
leaf_value=-0.0038428585627367515 -0.012943293576634624 -0.0073376798338285138 0.0014720421484999331 0.0050708542435002803 0.0084963168456234067 -0.00099587140363516019 0.0014513173421009081
leaf_weight=416.61787914484739 11.143205881118776 25.590609580278397 176.76855144649744 127.38563619554043 105.75846175849438 45.681563377380371 11.219892680644987
leaf_count=1520 33 73 699 477 298 128 33
internal_value=-0.000156972 -0.0011517 -0.00220955 0.00273361 0.00390855 0.00546184 -0.00496366
internal_weight=920.166 746.363 593.386 152.976 173.803 151.44 22.3631
internal_count=3261 2769 2219 550 492 426 66
is_linear=0
shrinkage=0.03


Tree=276
num_leaves=8
num_cat=0
split_feature=15 2 2 15 10 6 21
split_gain=3.37119 5.12307 5.10805 4.90526 2.75842 2.85678 1.54435
threshold=1.6486958333333337 1.5486540625000005 1.4589366000000001 2.2773101666666675 0.63324266666666673 1.2220036000000001 0.15576924999999997
decision_type=2 2 2 2 2 2 2
left_child=4 2 -2 -3 6 -6 -1
right_child=1 3 -4 -5 5 -7 -8
leaf_value=0.015187110351005253 0.0013604730467237632 0.011072764631762828 -0.012306897299199241 -0.0020103056639177545 0.00096567674540115416 -0.002989603674300532 0
leaf_weight=11.694542825222017 195.78789414465427 85.863584339618683 25.996899366378784 30.692452698945999 236.49975903332233 469.58946734666824 9.5541709065437299
leaf_count=34 564 276 75 97 711 1477 27
internal_value=-7.96775e-05 0.00235558 -0.000203186 0.00739879 -0.00125699 -0.00162346 0.00872224
internal_weight=1065.68 338.341 221.785 116.556 727.338 706.089 21.2487
internal_count=3261 1012 639 373 2249 2188 61
is_linear=0
shrinkage=0.03


Tree=277
num_leaves=8
num_cat=0
split_feature=33 22 27 10 54 26 44
split_gain=2.29774 4.31864 6.55002 3.28095 3.72202 3.43608 0.491654
threshold=0.78701121477058045 0.78727559366757871 1.3309089645799073 1.0779056666666669 1362.7681938713824 1.394889507726546 1338.197236362633
decision_type=2 2 2 2 2 2 2
left_child=1 6 -3 4 -2 -5 -1
right_child=3 2 -4 5 -6 -7 -8
leaf_value=-0.01370918817920614 -0.013982027101983017 0 0.018904461302092255 0.0023146576177368785 -0.0016021329119871963 -0.0021889647542598419 0
leaf_weight=6.3914285004138929 26.704398274421692 34.478742226958275 28.139192134141922 440.3105942606926 130.52259989082813 225.58787712454796 5.8743294477462769
leaf_count=22 104 125 93 1501 478 918 20
internal_value=0.000284496 0.00525596 0.00868679 -0.000143068 -0.00404243 0.000742053 -0.00891818
internal_weight=898.009 74.8837 62.6179 823.125 157.227 665.898 12.2658
internal_count=3261 260 218 3001 582 2419 42
is_linear=0
shrinkage=0.03


Tree=278
num_leaves=8
num_cat=0
split_feature=53 48 59 2 37 55 45
split_gain=3.85839 3.76854 3.60499 3.49333 3.44019 2.0475 0.645513
threshold=4.5357142857142865 -14.364999999999997 57.500000000000007 1.1082128750000002 1.648340216195787 1378.1880549880982 -130.34622594433901
decision_type=2 2 2 2 2 2 2
left_child=3 6 -3 4 -1 -5 -2
right_child=1 2 -4 5 -6 -7 -8
leaf_value=-0.0040636688095405937 0 0 0.0051443246094265019 -0.00061948919857623378 0.010663482608718329 -0.011284133637200277 -0.019161102782243963
leaf_weight=36.450224697589874 5.8789767026901245 608.39142303168774 149.48840620368719 30.465427927672863 19.995897606015205 61.477721564471722 7.6797269433736783
leaf_count=121 16 2049 488 172 67 319 29
internal_value=-0.000152934 0.000668599 0.00100304 -0.00457545 0.000826469 -0.00815816 -0.0138231
internal_weight=919.828 771.439 757.88 148.389 56.4461 91.9431 13.5587
internal_count=3261 2582 2537 679 188 491 45
is_linear=0
shrinkage=0.03


Tree=279
num_leaves=8
num_cat=0
split_feature=15 1 23 51 58 52 54
split_gain=3.23769 4.4282 3.98747 3.8116 3.41456 3.0474 1.50577
threshold=1.6486958333333337 1.6541798000000003 1.6964459013599826 10.674672199424579 72.500000000000014 6.4500000000000011 1387.0988596819145
decision_type=2 2 2 2 2 2 2
left_child=4 3 -3 -2 5 -1 -6
right_child=1 2 -4 -5 6 -7 -8
leaf_value=-0.0026221505034033413 0.0079292645875954065 0.016096389501556552 0.0025078608617863751 -0.0016312468235316346 -0.021265944654187428 0.0012864301639290616 0
leaf_weight=396.1071033924818 44.043878093361855 32.681072026491165 61.969827905297279 199.31606520712376 9.0932205617427844 314.11288227140903 7.4608510732650748
leaf_count=1250 134 99 208 571 28 948 23
internal_value=-7.73568e-05 0.00230982 0.0077461 2.72983e-05 -0.00123205 -0.000852601 -0.0140481
internal_weight=1064.78 338.011 94.6509 243.36 726.774 710.22 16.5541
internal_count=3261 1012 307 705 2249 2198 51
is_linear=0
shrinkage=0.03


Tree=280
num_leaves=6
num_cat=0
split_feature=53 51 20 0 18
split_gain=2.25856 2.56271 3.43046 3.23464 2.08705
threshold=2.8375000000000004 17.882573652973914 -0.19401114999999997 1.0534620000000003 1.6315032500000002
decision_type=2 2 2 2 2
left_child=4 3 -3 -2 -1
right_child=1 2 -4 -5 -6
leaf_value=0 -0.0024658219697365692 0.0066172318348469671 -0.0094599514050483363 0.0017007351445441222 0.019588434694082498
leaf_weight=9.6415858715772647 228.51202020049095 11.749149918556212 49.270158484578133 590.3787532299757 8.3733648806810361
leaf_count=33 817 39 183 2162 27
internal_value=0.000277977 1.70605e-05 -0.00577651 0.000498334 0.010248
internal_weight=897.925 879.91 61.0193 818.891 18.015
internal_count=3261 3201 222 2979 60
is_linear=0
shrinkage=0.03


Tree=281
num_leaves=8
num_cat=0
split_feature=36 45 14 44 59 32 5
split_gain=3.87321 3.76269 4.10718 3.6831 3.46616 4.32629 2.71031
threshold=1.8018117467730037 117.3099710684328 1.8404359264587524 1347.3393543366403 56.500000000000007 1.6551761834798966 2.1398256666666673
decision_type=2 2 2 2 2 2 2
left_child=1 2 -1 -3 5 -2 -6
right_child=4 3 -4 -5 6 -7 -8
leaf_value=7.6418169631112433e-05 0.011923730671510964 -0.014113768069790443 -0.009419943682734102 0.0016992210705049009 0.015379160436784918 -0.0015159991226220352 -0.00093931591063675299
leaf_weight=666.78504357486963 24.943213745951653 35.087612815201283 41.308713302016258 15.188907958567141 31.852349519729614 96.475745633244514 7.7239323556423178
leaf_count=2334 70 261 120 90 92 273 21
internal_value=-0.000149382 -0.00107986 -0.000460303 -0.00888043 0.00400908 0.00115035 0.0115808
internal_weight=919.366 758.37 708.094 50.2765 160.995 121.419 39.5763
internal_count=3261 2805 2454 351 456 343 113
is_linear=0
shrinkage=0.03


Tree=282
num_leaves=8
num_cat=0
split_feature=37 37 57 4 46 12 41
split_gain=3.22298 4.07986 4.31575 4.31388 3.20916 2.99512 2.57549
threshold=1.1687760169264163 1.2069480074421119 33.500000000000007 1.5026863196969702 -12.404446283427658 1.6674221875000004 1.4376756803943118
decision_type=2 2 2 2 2 2 2
left_child=4 3 -3 -2 6 -6 -1
right_child=1 2 -4 -5 5 -7 -8
leaf_value=-0.0089549432556966981 0 -0.00021649503442568597 0.0076637784981894962 0.023209713459554811 0.0015684708485724315 -0.0041425539713724722 0.0018764691431700693
leaf_weight=84.077395856380463 16.698423206806186 520.93152157962322 68.204600125551224 13.46036911010742 211.27122743427753 130.19481748342514 19.321316301822662
leaf_count=278 51 1558 208 40 624 447 55
internal_value=-7.59595e-05 0.00129236 0.000667901 0.0117579 -0.00204519 -0.000533137 -0.00664913
internal_weight=1064.16 619.295 589.136 30.1588 444.865 341.466 103.399
internal_count=3261 1857 1766 91 1404 1071 333
is_linear=0
shrinkage=0.03


Tree=283
num_leaves=8
num_cat=0
split_feature=11 47 47 11 53 37 38
split_gain=2.19399 3.3189 4.74382 2.75605 6.74339 3.2228 1.4984
threshold=0.78704720000000006 -17.389972471058396 4.7908558494134477 1.2371718000000003 5.0500000000000007 2.4705455082813201 1.448574555917135
decision_type=2 2 2 2 2 2 2
left_child=1 6 -3 4 -2 -5 -1
right_child=3 2 -4 5 -6 -7 -8
leaf_value=0.0054024470150622504 0.0015676812400465918 0.018674611257685887 -0.004356979527216265 0.00069179081193161782 -0.0079865590880340374 0.018106910169813379 -0.0095703886219528061
leaf_weight=6.665111348032954 141.19082568585873 23.729901969432834 8.0586695522069913 582.32237973809242 116.57790596783161 7.9363012313842765 11.402933582663534
leaf_count=22 512 78 28 2112 437 31 41
internal_value=0.000274263 0.00627137 0.0120357 -5.69479e-05 -0.00266603 0.00103695 -0.0025642
internal_weight=897.884 49.8566 31.7886 848.027 257.769 590.259 18.068
internal_count=3261 169 106 3092 949 2143 63
is_linear=0
shrinkage=0.03


Tree=284
num_leaves=8
num_cat=0
split_feature=7 6 31 6 3 1 34
split_gain=3.88864 6.0153 6.85134 4.72009 7.17357 3.99845 3.40533
threshold=1.3812159375000002 1.3270111000000002 1.2741339816990669 1.7132992 1.1811382000000006 2.0435909000000003 1.696513393538241
decision_type=2 2 2 2 2 2 2
left_child=1 2 -1 4 -2 -5 -3
right_child=3 6 -4 5 -6 -7 -8
leaf_value=-0.0027020047912544838 0.010139997565643296 -0.012920760228328651 0.0095141017310377361 -0.0019562546909393103 0 0.014428851046454947 9.077114787537651e-05
leaf_weight=221.09216719865799 108.47928659617901 63.433415375649929 48.476008541882038 290.45895526558161 156.30701620131731 11.771181657910345 18.784106463193893
leaf_count=953 323 260 161 903 556 49 56
internal_value=-0.000147501 -0.00264602 -0.000340843 0.00135375 0.00428705 -0.00112882 -0.00966026
internal_weight=918.802 351.786 269.568 567.016 264.786 302.23 82.2175
internal_count=3261 1430 1114 1831 879 952 316
is_linear=0
shrinkage=0.03


Tree=285
num_leaves=8
num_cat=0
split_feature=62 48 37 10 10 57 10
split_gain=3.8035 4.25101 3.92201 3.40062 3.55648 1.75518 1.66165
threshold=3.5000000000000004 -1.5549999999999999 1.0389640811434748 0.63324266666666673 0.71427650000000009 30.500000000000004 0.51521566666666685
decision_type=2 2 2 2 2 2 2
left_child=1 5 -3 6 -5 -1 -2
right_child=3 2 -4 4 -6 -7 -8
leaf_value=-0.0068205968734002852 0 0 0.017619125969986858 -0.011727028196510905 -0.00067516720563803813 0.0062475849516726838 0.012977621320438931
leaf_weight=22.901719450950623 16.956152617931366 20.777661874890327 31.156644657254219 25.524043023586273 913.5636060833931 11.154230430722235 21.47688490152359
leaf_count=71 49 66 97 74 2806 35 63
internal_value=-7.44772e-05 0.00586764 0.011198 -0.000638732 -0.00103171 -0.00159925 0.00779764
internal_weight=1063.51 85.9903 51.9343 977.521 939.088 34.0559 38.433
internal_count=3261 269 163 2992 2880 106 112
is_linear=0
shrinkage=0.03


Tree=286
num_leaves=8
num_cat=0
split_feature=55 46 55 17 33 7 17
split_gain=2.20729 3.79257 2.80445 5.13871 3.56974 2.40998 0.000945685
threshold=1434.233858835008 -4.4626049747625975 1410.6341984314033 1.3118356875000001 0.78701121477058045 1.7622174375000002 1.8237214375000004
decision_type=2 2 2 2 2 2 2
left_child=2 5 4 -4 -1 -2 -3
right_child=1 6 3 -5 -6 -7 -8
leaf_value=0.0070263995433961319 0.012590572357825895 -0.019986783052888965 -0.0049662955165154501 0.0083224773544757023 -0.00071233371983669893 -0.007325106982918184 -0.0027784247764984708
leaf_weight=56.095316976308823 8.5009917467832583 10.659949585795404 31.507203534245491 93.733039230108261 683.8274962157011 8.1673589497804624 5.3487973958253852
leaf_count=193 31 40 112 338 2498 28 21
internal_value=0.000271469 -0.00708575 0.000599648 0.00471808 -6.78469e-05 0.00148575 -0.0168501
internal_weight=897.84 32.6771 865.163 125.24 739.923 16.6684 16.0087
internal_count=3261 120 3141 450 2691 59 61
is_linear=0
shrinkage=0.03


Tree=287
num_leaves=8
num_cat=0
split_feature=7 6 6 38 48 36 43
split_gain=3.73236 5.8213 4.53621 8.93347 3.62223 3.27581 3.03395
threshold=1.3812159375000002 1.3270111000000002 1.7132992 1.2150111273572093 2.0450000000000004 1.5444265923207947 1310.1895454875298
decision_type=2 2 2 2 2 2 2
left_child=1 4 3 -2 -1 -3 -4
right_child=2 5 6 -5 -6 -7 -8
leaf_value=0.0022654138890527975 0.010129751489337906 -0.013318681355554592 0.0042385162731310017 -0.00069278948645722376 -0.0048185418657970382 0 -0.0028008600207854589
leaf_weight=167.03488167375326 121.5055620148778 57.42535974830389 67.565615400671959 143.39652349799871 102.3221438601613 24.390673860907555 234.57814707607031
leaf_count=649 363 245 193 516 465 71 759
internal_value=-0.00014662 -0.0025979 0.00132254 0.00419761 -0.000330733 -0.00951799 -0.00111055
internal_weight=918.219 351.173 567.046 264.902 269.357 81.816 302.144
internal_count=3261 1430 1831 879 1114 316 952
is_linear=0
shrinkage=0.03


Tree=288
num_leaves=8
num_cat=0
split_feature=62 48 37 47 31 0 48
split_gain=3.67015 4.14585 4.01014 3.53452 5.01507 3.47515 3.15361
threshold=3.5000000000000004 -4.504999999999999 1.0389640811434748 13.316933734247757 1.2535719434344272 0.61751616666666675 -8.3549999999999986
decision_type=2 2 2 2 2 2 2
left_child=1 6 -3 4 -2 -5 -1
right_child=3 2 -4 5 -6 -7 -8
leaf_value=0.0056100171228462949 0.0031677905340325935 0 0.015004351487192584 0.013313580035958139 -0.0017010991141790186 -0.0051529555722696508 -0.015339525533428008
leaf_weight=8.6947837471961993 318.26400652527809 25.034652858972549 41.187452211976051 6.9263650029897681 463.51882186532021 188.54933133721352 10.948990643024443
leaf_count=27 956 80 128 21 1411 604 34
internal_value=-6.87469e-05 0.00577233 0.0094665 -0.000623344 0.000245777 -0.0042185 -0.00501915
internal_weight=1063.12 85.8659 66.2221 977.259 781.783 195.476 19.6438
internal_count=3261 269 208 2992 2367 625 61
is_linear=0
shrinkage=0.03


Tree=289
num_leaves=7
num_cat=0
split_feature=14 10 49 36 16 69
split_gain=2.16097 2.72279 5.15746 3.09708 1.89959 0.701661
threshold=2.260931563741424 2.2238650000000004 -3.8549999999999995 1.1754706872845599 1.1470849000000003 1.0000000180025095e-35
decision_type=2 2 2 2 2 2
left_child=1 3 -3 -1 5 -2
right_child=4 2 -4 -5 -6 -7
leaf_value=0.0019960070492315075 0 -0.006675262655047959 0.0090146343629123951 -0.0017905369814565136 0.0014874036599410796 -0.018171961094050223
leaf_weight=356.91391314566135 5.8761169463396135 21.05876336991787 75.801328182220459 421.46103241294622 6.4517326951026908 10.33216881752014
leaf_count=1282 25 75 270 1538 25 46
internal_value=0.000264328 0.000542157 0.00523393 -1.51567e-05 -0.00842384 -0.0137467
internal_weight=897.895 875.235 96.8601 778.375 22.66 16.2083
internal_count=3261 3165 345 2820 96 71
is_linear=0
shrinkage=0.03


Tree=290
num_leaves=8
num_cat=0
split_feature=53 48 43 3 52 38 45
split_gain=3.58256 3.72236 3.66576 3.24206 2.99025 2.38645 0.586052
threshold=4.5357142857142865 -14.364999999999997 1295.3178295676869 1.2472737350000003 3.2111111111111117 0.86671576432082931 -130.34622594433901
decision_type=2 2 2 2 2 2 2
left_child=3 6 -3 4 -1 -5 -2
right_child=1 2 -4 5 -6 -7 -8
leaf_value=-0.01385644058616169 -0.00011397482855564367 0.0085227009737719964 0.0003515877582415358 0.0064849361414723982 0.0020221186006269525 -0.01095171403176746 -0.019015326607260886
leaf_weight=10.480917930603026 5.8744299709796906 52.153166651725769 704.56648225337267 4.3716381937265387 70.114367842674255 62.388280980288982 7.6100096702575666
leaf_count=37 16 146 2391 21 246 375 29
internal_value=-0.000146422 0.000642727 0.000975263 -0.00442542 0 -0.0092182 -0.0137968
internal_weight=917.559 770.204 756.72 147.355 80.5953 66.7599 13.4844
internal_count=3261 2582 2537 679 283 396 45
is_linear=0
shrinkage=0.03


Tree=291
num_leaves=8
num_cat=0
split_feature=9 22 20 48 48 48 54
split_gain=2.98576 5.09277 5.33929 3.30602 4.86588 2.77561 0.869154
threshold=1.1458257013246145 0.87206634187967846 -0.39427174999999987 -4.7849999999999993 -14.364999999999997 13.955000000000002 1381.8487317456941
decision_type=2 2 2 2 2 2 2
left_child=1 6 -3 4 -2 -5 -1
right_child=3 2 -4 5 -6 -7 -8
leaf_value=0.0027403229677860391 0.0086488195159956788 -0.013836790220734196 0.00299493707610155 0.00074879532714559514 -0.0055211073421370686 -0.0075871651922629667 0.023041088879896195
leaf_weight=7.390635251998904 21.081591665744781 16.284879267215729 186.83863508701324 578.94801431894302 204.7643199712038 36.114412978291512 10.999364376068113
leaf_count=21 65 51 573 1775 636 109 31
internal_value=-6.41663e-05 0.00298778 0.00137749 -0.000908887 -0.00400244 0.000187713 0.0174229
internal_weight=1062.42 221.514 203.124 840.908 225.846 615.062 18.39
internal_count=3261 676 624 2585 701 1884 52
is_linear=0
shrinkage=0.03


Tree=292
num_leaves=7
num_cat=0
split_feature=17 18 34 28 27 1
split_gain=2.23917 3.07475 3.92817 2.5889 2.32616 1.47347
threshold=2.2367598750000002 1.8654500000000003 1.2210139569798695 2.0251173871072337 0.8976309838103872 0.95066870000000014
decision_type=2 2 2 2 2 2
left_child=1 3 -3 -1 -2 -6
right_child=4 2 -4 -5 5 -7
leaf_value=-0.00056135441742458775 0.0070704942260680454 0.010627512376890247 -0.0011319559736335039 0.0056591111956082046 0 -0.01377928338689224
leaf_weight=705.91230651736259 4.9373258650302878 56.093896597623825 37.589674979448318 63.789096608757973 6.061456277966502 23.487603202462196
leaf_count=2584 20 202 134 209 22 90
internal_value=0.000259621 0.000597997 0.00567056 0 -0.006958 -0.0105525
internal_weight=897.871 863.385 93.6836 769.701 34.4864 29.5491
internal_count=3261 3129 336 2793 132 112
is_linear=0
shrinkage=0.03


Tree=293
num_leaves=8
num_cat=0
split_feature=36 32 43 50 59 6 24
split_gain=3.5718 4.61647 3.83418 3.7473 3.62924 3.49958 3.26181
threshold=1.7757922784787039 1.7628811336107628 1398.2655261119121 8.0886246457221791 55.500000000000007 1.3088204000000003 1.6971990897105813
decision_type=2 2 2 2 2 2 2
left_child=2 6 5 -4 -3 -1 -2
right_child=1 4 3 -5 -6 -7 -8
leaf_value=0.0049503662056757337 0.015108576428064714 -0.0022280586119625225 0.007033700404306076 -0.0054704828514992865 0.0091493743468130783 -0.00095015785447376613 -0.0034848669622683311
leaf_weight=114.35743355751038 38.810429319739342 96.335462510585785 20.212279446423054 216.65468464791775 31.48970153927803 392.24527614563704 6.8181913793086997
leaf_count=395 107 273 105 1023 89 1246 23
internal_value=-0.000147265 0.00366575 -0.00108455 -0.00422793 0.00044146 0.000337035 0.0116707
internal_weight=916.923 173.454 743.47 236.867 127.825 506.603 45.6286
internal_count=3261 492 2769 1128 362 1641 130
is_linear=0
shrinkage=0.03


Tree=294
num_leaves=8
num_cat=0
split_feature=62 23 21 37 16 4 54
split_gain=3.53009 3.30524 3.97839 2.9293 6.27152 2.21601 1.5564
threshold=3.5000000000000004 0.66064701213604982 -0.049587600000000197 1.0389640811434748 1.6350107000000003 0.9341461875 1359.7720195036406
decision_type=2 2 2 2 2 2 2
left_child=3 5 -3 6 -5 -2 -1
right_child=1 2 -4 4 -6 -7 -8
leaf_value=-0.012745277374387442 -0.00065359775014408792 0.00099591605878802426 -0.0028912243240665119 0.018580169651128992 -0.00035350768687369868 0.011587940755187246 0.0017587048652731234
leaf_weight=6.279688477516177 14.939585730433462 439.22245512902737 491.61330838501453 30.071150451898575 24.928182154893875 30.318193271756172 24.405531212687492
leaf_count=21 45 1296 1560 92 78 91 78
internal_value=-6.2998e-05 -0.000607607 -0.00102668 0.00567125 0.00976096 0.00705555 -0.000889925
internal_weight=1061.78 976.094 930.836 85.6846 54.9993 45.2578 30.6852
internal_count=3261 2992 2856 269 170 136 99
is_linear=0
shrinkage=0.03


Tree=295
num_leaves=7
num_cat=0
split_feature=62 6 24 24 8 22
split_gain=2.15463 3.45762 4.33802 2.4622 4.95606 4.67655
threshold=14.500000000000002 2.0524680000000006 1.1342890598499362 0.92390035493022127 2.0522752500000006 1.0132889879430309
decision_type=2 2 2 2 2 2
left_child=3 2 -2 5 -5 -1
right_child=1 -3 -4 4 -6 -7
leaf_value=-0.0061156348824138998 -0.0077070024884753757 0.024019897862403831 0.0082528974866315601 -0.00012086096902956921 0.0094289274776056305 0.0094316733727106
leaf_weight=118.75929625332355 20.818259850144386 6.2785412073135367 40.100885957479477 644.19078136235476 50.479684218764305 17.204747453331947
leaf_count=424 73 19 146 2378 163 58
internal_value=0.000255364 0.00535341 0.00225041 -0.000132902 0.000555109 -0.00382264
internal_weight=897.832 67.1977 60.9191 830.635 694.67 135.964
internal_count=3261 238 219 3023 2541 482
is_linear=0
shrinkage=0.03


Tree=296
num_leaves=7
num_cat=0
split_feature=44 9 59 48 48 52
split_gain=3.37499 5.73233 2.97873 4.36709 3.45122 1.91824
threshold=1303.8682399805537 1.9470288846153849 58.500000000000007 -3.7649999999999992 -3.9499999999999997 4.1214285714285728
decision_type=2 2 2 2 2 2
left_child=1 5 3 -2 -4 -1
right_child=2 -3 4 -5 -6 -7
leaf_value=0 0.0031677136206911 0.015261907496346637 -0.00054870556786916014 -0.0020671210359385333 0.0077521496166316588 -0.014086501050901333
leaf_weight=10.356288030743597 196.63083511590958 6.0258489102125159 74.380917228758335 498.81837955117226 91.730251885950565 38.322499513626099
leaf_count=42 643 20 232 1773 327 224
internal_value=-0.000144587 -0.00725553 0.00028794 -0.000539174 0.00389445 -0.0111272
internal_weight=916.265 54.7046 861.56 695.449 166.111 48.6788
internal_count=3261 286 2975 2416 559 266
is_linear=0
shrinkage=0.03


Tree=297
num_leaves=7
num_cat=0
split_feature=62 47 7 63 24 44
split_gain=3.3844 3.34676 3.82556 3.47744 3.29819 3.48028
threshold=3.5000000000000004 13.316933734247757 1.1405563687500002 21.500000000000004 0.88520052199354493 1302.5265811752408
decision_type=2 2 2 2 2 2
left_child=4 3 -3 -2 -1 -6
right_child=1 2 -4 -5 5 -7
leaf_value=-0.0098779969659438457 0.00067204549827344032 -0.010809383710040863 -0.0012023773121823255 -0.010014971857716369 -0.0086124277968266279 0.0099301281426172599
leaf_weight=7.8022090792655936 754.40391078591347 54.030674770474434 140.96420085430145 26.282258689403534 7.1215038299560538 70.718840852379799
leaf_count=25 2285 159 466 82 22 222
internal_value=-6.18243e-05 -0.000595759 -0.00409937 0.000249259 0.0055535 0.0076847
internal_weight=1061.32 975.681 194.995 780.686 85.6426 77.8403
internal_count=3261 2992 625 2367 269 244
is_linear=0
shrinkage=0.03


Tree=298
num_leaves=8
num_cat=0
split_feature=58 47 18 46 6 62 3
split_gain=2.22139 4.5423 3.90965 3.67652 3.61989 3.51879 3.05121
threshold=42.500000000000007 -15.136533650721274 1.8289011500000003 18.617604521016009 1.8014191000000004 7.5000000000000009 1.8568318500000005
decision_type=2 2 2 2 2 2 2
left_child=3 2 -2 4 -1 -3 -5
right_child=1 5 -4 6 -6 -7 -8
leaf_value=-0.0036456601549534071 0.014278692262881617 -0.0019906764598767997 -0.00073419623454822037 0.0088978582326624308 0.0020319672151459908 0.0047286870533443373 -0.0035444868656649654
leaf_weight=334.46852396428585 42.844020262360573 182.76006503403187 18.099781766533852 54.118755489587784 135.55607539415359 109.41850471496582 20.517743512988091
leaf_count=1244 148 659 66 190 460 394 100
internal_value=0.000252288 0.00212496 0.00946172 -0.000910285 -0.00194299 0.000438733 0.00508273
internal_weight=897.783 353.122 60.9438 544.661 470.025 292.179 74.6365
internal_count=3261 1267 214 1994 1704 1053 290
is_linear=0
shrinkage=0.03


Tree=299
num_leaves=8
num_cat=0
split_feature=7 6 6 38 1 48 4
split_gain=3.4755 5.61278 4.33533 8.40475 3.91079 3.36698 2.91983
threshold=1.3812159375000002 1.3270111000000002 1.7132992 1.2150111273572093 2.0435909000000003 2.0450000000000004 1.1541527607843138
decision_type=2 2 2 2 2 2 2
left_child=1 5 3 -2 -4 -1 -3
right_child=2 6 4 -5 -6 -7 -8
leaf_value=0.0022069830362412717 0.0098376901504993123 -0.020055216540095504 -0.0019281816158824359 -0.00065885210781616 0.014262734413728965 -0.0046403888965587375 -0.0052989557469647584
leaf_weight=166.86911485344172 121.49897106736898 18.023798123002052 289.84002918750048 143.10872124880552 11.795704074203966 101.57062542438507 63.135608091950417
leaf_count=649 363 59 903 516 49 465 257
internal_value=-0.000143015 -0.00251607 0.00127302 0.00408593 -0.00110644 -0.000288111 -0.00934028
internal_weight=915.843 349.599 566.243 264.608 301.636 268.44 81.1594
internal_count=3261 1430 1831 879 952 1114 316
is_linear=0
shrinkage=0.03


Tree=300
num_leaves=8
num_cat=0
split_feature=62 48 27 39 31 40 9
split_gain=3.23316 3.95566 3.67689 3.29395 4.07022 2.9102 2.2384
threshold=3.5000000000000004 -1.5549999999999999 1.8787741079471501 1.6430279273461201 1.2691089739415673 1.5458807399578431 1.4346510087719304
decision_type=2 2 2 2 2 2 2
left_child=1 6 -3 4 -2 -5 -1
right_child=3 2 -4 5 -6 -7 -8
leaf_value=-0.0092393719537394621 0.00077801101783272694 0.014652381998861434 -0.0026449567600837992 0.018952355929053911 -0.003539058077164709 0.0017313674239494647 0.0048972279749903641
leaf_weight=17.753768816590309 353.66733478009701 41.08917261660099 10.485517278313635 7.8694377690553656 414.62347035109997 199.29052811861038 16.279366359114647
leaf_count=55 1055 131 32 24 1325 588 51
internal_value=-6.28784e-05 0.00542578 0.0106083 -0.000585385 -0.00151597 0.00270394 -0.00174823
internal_weight=1061.06 85.6078 51.5747 975.451 768.291 207.16 34.0331
internal_count=3261 269 163 2992 2380 612 106
is_linear=0
shrinkage=0.03


Tree=301
num_leaves=8
num_cat=0
split_feature=51 51 44 54 43 53 22
split_gain=2.16708 4.11478 4.03553 3.20594 5.64999 3.01886 2.12099
threshold=17.882573652973914 21.225229618163059 1321.5477395329965 1397.5473906310397 1310.1895454875298 2.8375000000000004 1.9782526014252366
decision_type=2 2 2 2 2 2 2
left_child=3 6 -3 5 -5 -1 -2
right_child=1 2 -4 4 -6 -7 -8
leaf_value=0.014988266346518597 -0.011427017867756385 -0.0049697764894151503 0.022138859198504852 -0.0072738103822361372 0.0051627494300193599 -0.00089486926683179891 0.0026889713454112522
leaf_weight=8.8451628983020765 45.187106728553772 6.8435243517160398 6.967111274600029 34.622495517134666 233.48046082258224 554.60456417500973 7.1731283962726584
leaf_count=29 161 23 25 119 824 2049 31
internal_value=0.00024878 -0.00484034 0.00787895 0.00070038 0.00340367 -0.000540345 -0.00891353
internal_weight=897.724 66.1709 13.8106 831.553 268.103 563.45 52.3602
internal_count=3261 240 48 3021 943 2078 192
is_linear=0
shrinkage=0.03


Tree=302
num_leaves=7
num_cat=0
split_feature=7 44 7 52 49 37
split_gain=3.38397 4.0685 5.06051 4.04651 3.6142 2.96967
threshold=1.3812159375000002 1488.2764953648268 1.7424491250000003 3.1125000000000003 -10.104999999999999 1.9567197777169623
decision_type=2 2 2 2 2 2
left_child=3 4 -3 -1 -2 -5
right_child=1 2 -4 5 -6 -7
leaf_value=-0.021254870938408277 0.0079119733043377678 0.018182965159335873 0 -0.0008362997609684407 -0.00040863916262760439 -0.010898451067880826
leaf_weight=8.3557879030704481 49.835791863501072 25.35966819524765 27.20543360710144 312.79494793713093 463.73885983228683 28.138044789433479
leaf_count=28 170 72 75 1254 1514 148
internal_value=-0.000138419 0.00125822 0.00907243 -0.00248181 0.000368141 -0.00181295
internal_weight=915.429 566.14 52.5651 349.289 513.575 340.933
internal_count=3261 1831 147 1430 1684 1402
is_linear=0
shrinkage=0.03


Tree=303
num_leaves=8
num_cat=0
split_feature=62 46 41 10 10 5 15
split_gain=3.10114 3.85346 3.63507 3.24659 3.43265 1.70483 1.35003
threshold=3.5000000000000004 9.2870538364699105 1.086757113754327 0.63324266666666673 0.71427650000000009 2.0308633333333339 1.0401205000000004
decision_type=2 2 2 2 2 2 2
left_child=1 2 -1 5 -5 -2 -3
right_child=3 6 -4 4 -6 -7 -8
leaf_value=-0.013428457196255388 0.010955629935528653 0.00067071372038898618 0.0044357087891510102 -0.011463846373503759 -0.00060447065603882728 -0.0015435858975767643 0.018613301847417111
leaf_weight=10.840518683195112 30.433443516492844 9.3014399856328982 46.757612079381943 25.494011446833611 911.05332727730274 7.9149997532367697 18.642629206180573
leaf_count=39 89 29 139 74 2806 23 62
internal_value=-5.78134e-05 0.00531919 0.000232326 -0.000570252 -0.00095584 0.00768367 0.0140865
internal_weight=1060.44 85.5422 57.5981 974.896 936.547 38.3484 27.9441
internal_count=3261 269 178 2992 2880 112 91
is_linear=0
shrinkage=0.03


Tree=304
num_leaves=8
num_cat=0
split_feature=55 46 58 48 46 7 39
split_gain=2.14063 3.70106 2.98864 5.12732 3.57015 2.32229 0.0657149
threshold=1434.233858835008 -4.4626049747625975 42.500000000000007 10.300000000000002 18.617604521016009 1.7622174375000002 1.7350363602162024
decision_type=2 2 2 2 2 2 2
left_child=2 5 4 -4 -1 -2 -3
right_child=1 6 3 -5 -6 -7 -8
leaf_value=-0.0018400009883206196 0.012293907217458541 -0.019872921076415681 0.0046285038581808944 -0.0045916321976415351 0.0051134753526985502 -0.0072419479925860666 -0.0022894300474845682
leaf_weight=455.12546025216579 8.5567049235105532 10.699513733386992 272.70336510241032 62.862168163061142 74.41105667501688 8.1380267739295942 5.1802095025777808
leaf_count=1653 31 41 954 246 288 28 20
internal_value=0.000245428 -0.00701243 0.000568857 0.00279543 -0.000790887 0.00141024 -0.0167125
internal_weight=897.677 32.5745 865.102 335.566 529.537 16.6947 15.8797
internal_count=3261 120 3141 1200 1941 59 61
is_linear=0
shrinkage=0.03


Tree=305
num_leaves=8
num_cat=0
split_feature=36 32 46 26 23 57 7
split_gain=3.29824 4.45791 4.89232 3.94846 3.54034 3.19711 2.82407
threshold=1.7757922784787039 1.6551761834798966 6.2813299124984505 0.8094040088650597 0.58928270361558133 30.500000000000004 1.3812159375000002
decision_type=2 2 2 2 2 2 2
left_child=3 5 -3 6 -5 -2 -1
right_child=1 2 -4 4 -6 -7 -8
leaf_value=-0.0042028515180652266 0.017195137048045005 0.0051971069023008052 -0.0063209595597886374 -0.016665386811420154 -0.0012471211003370563 -0.0010306190470918246 0.01236416602534797
leaf_weight=8.5979616492986661 28.355433002114296 87.170521095395088 49.915989980101585 12.104069486260412 690.95590449124575 7.678227260708808 30.120828896760941
leaf_count=28 81 247 142 37 2618 22 86
internal_value=-0.000141109 0.00352479 0.000756866 -0.00104419 -0.00160164 0.0126728 0.00792277
internal_weight=914.899 173.12 137.087 741.779 703.06 36.0337 38.7188
internal_count=3261 492 389 2769 2655 103 114
is_linear=0
shrinkage=0.03


Tree=306
num_leaves=8
num_cat=0
split_feature=62 46 39 31 16 40 26
split_gain=2.9898 3.73555 3.14652 3.89048 3.09653 2.81448 1.83045
threshold=3.5000000000000004 9.2870538364699105 1.6430279273461201 1.2691089739415673 1.2853144000000001 1.5458807399578431 1.1398431593747491
decision_type=2 2 2 2 2 2 2
left_child=1 4 3 -2 -1 -4 -3
right_child=2 6 5 -5 -6 -7 -8
leaf_value=-0.008054502943538551 0.00077227915666906971 0 0.018653866628174729 -0.0034493862576729143 0.0058215769072094666 0.0016979902151925111 0.017492615595812947
leaf_weight=20.740192905068398 353.59933598339558 5.7018499970436123 7.8533958047628394 413.94714787602425 36.779822275042534 199.25087390840054 22.173787727952003
leaf_count=69 1055 18 24 1325 109 588 73
internal_value=-5.41988e-05 0.0052297 -0.000557635 -0.00146858 0.000211673 0.00265669 0.0138726
internal_weight=1060.05 85.3957 974.651 767.546 57.52 207.104 27.8756
internal_count=3261 269 2992 2380 178 612 91
is_linear=0
shrinkage=0.03


Tree=307
num_leaves=8
num_cat=0
split_feature=17 51 45 51 41 6 46
split_gain=2.10746 2.41576 6.41247 4.76116 1.99076 1.32578 1.19089
threshold=2.2367598750000002 10.549810785858201 -60.908367976264564 12.097482560155331 2.0838743722053956 1.5819853000000001 -1.7788429550805629
decision_type=2 2 2 2 2 2 2
left_child=1 2 -1 -3 6 -6 -2
right_child=4 3 -4 -5 5 -7 -8
leaf_value=0.0045095783108698266 -0.018128717924229494 0.0058086532974833916 -0.0059135510832418079 0 0.01127031190167763 -0.0053251857944939 -0.00096340829691202569
leaf_weight=79.142478227615356 11.708355724811554 169.48275719583035 143.05566404759884 471.75273593515158 5.7407943755388242 5.9683854728937149 10.852311834692955
leaf_count=289 44 618 523 1699 23 21 44
internal_value=0.000238507 0.00056697 -0.00206012 0.00152751 -0.00678494 0.00108015 -0.011844
internal_weight=897.703 863.434 222.198 641.235 34.2698 11.7092 22.5607
internal_count=3261 3129 812 2317 132 44 88
is_linear=0
shrinkage=0.03


Tree=308
num_leaves=8
num_cat=0
split_feature=53 3 47 37 64 27 50
split_gain=3.2814 3.07047 3.6057 2.68996 5.07617 4.27123 2.57075
threshold=4.5357142857142865 1.2472737350000003 18.429257893876983 1.1687760169264163 1.0000000180025095e-35 1.0513588181395941 8.0886246457221791
decision_type=2 2 2 2 2 2 2
left_child=1 2 -1 5 -5 -2 -3
right_child=3 6 -4 4 -6 -7 -8
leaf_value=0.0019610460691958146 -0.002509092074096074 0.0073090739975273976 -0.01746650114139878 0.00064173780320809614 -0.0075721342404231357 0.0043630895888173279 -0.010821968161448051
leaf_weight=72.713252037763596 106.74392480403185 4.4880022481083861 7.6952170729637137 296.44381980597973 83.937398917973042 281.10615649819374 61.277065470814705
leaf_count=258 360 31 25 1063 312 847 365
internal_value=-0.000138612 -0.00425303 0 0.000614312 -0.00112246 0.00239161 -0.00896275
internal_weight=914.405 146.174 80.4085 768.231 380.381 387.85 65.7651
internal_count=3261 679 283 2582 1375 1207 396
is_linear=0
shrinkage=0.03


Tree=309
num_leaves=8
num_cat=0
split_feature=62 45 45 51 45 22 50
split_gain=2.89421 3.16463 3.97804 3.02634 5.21129 3.60122 0.519748
threshold=3.5000000000000004 -99.205550645616867 89.096477722319733 17.882573652973914 77.996319668426068 0.51433902571503187 13.139613494895439
decision_type=2 2 2 2 2 2 2
left_child=1 6 -3 5 -5 -2 -1
right_child=3 2 -4 4 -6 -7 -8
leaf_value=-0.01268589335423162 0.0086556726463779769 0.011343510072253194 -0.0038793256831490827 0 0.017153226062414293 -0.0014536245803018254 0
leaf_weight=5.6236887723207456 30.256290107965469 57.916532680392265 16.213592827320099 54.034762248396873 20.740917295217514 868.92162787914276 5.4685420095920563
leaf_count=21 89 173 55 155 65 2683 20
internal_value=-5.2326e-05 0.00515137 0.0076055 -0.00054802 0.00510515 -0.00106171 -0.00761463
internal_weight=1059.18 85.2224 74.1301 973.954 74.7757 899.178 11.0922
internal_count=3261 269 228 2992 220 2772 41
is_linear=0
shrinkage=0.03


Tree=310
num_leaves=8
num_cat=0
split_feature=5 6 39 17 41 47 37
split_gain=2.05194 5.04126 3.71167 3.11294 3.04806 2.31086 1.34138
threshold=0.80474933333333343 0.79923110000000008 1.3000577269903706 2.2367598750000002 0.93273746862108597 -14.508134968018792 2.1520235645712478
decision_type=2 2 2 2 2 2 2
left_child=1 2 -1 4 -2 -3 -5
right_child=3 5 -4 6 -6 -7 -8
leaf_value=0.003802473859889681 -0.0053108100368627602 0.025290827387990548 -0.014732394767748062 -0.014986061580202416 0.00082023116867693281 0.0062695483562096067 -0.0003424909469163004
leaf_weight=19.85692273080349 79.007281437516212 8.1354949921369535 13.774993792176245 15.883981913328173 707.34083311259747 38.762574538588524 14.95084412395954
leaf_count=77 308 29 60 61 2523 146 57
internal_value=0.00023385 0.00475712 -0.00334793 -0.000185803 0.000154258 0.0110822 -0.00925286
internal_weight=897.713 80.53 33.6319 817.183 786.348 46.8981 30.8348
internal_count=3261 312 137 2949 2831 175 118
is_linear=0
shrinkage=0.03


Tree=311
num_leaves=7
num_cat=0
split_feature=44 9 53 33 47 3
split_gain=3.17865 5.50165 2.99825 3.39856 2.90536 2.08015
threshold=1303.8682399805537 1.9470288846153849 4.5357142857142865 1.2231517269198497 13.316933734247757 1.1474498150000001
decision_type=2 2 2 2 2 2
left_child=1 5 4 -4 -2 -1
right_child=2 -3 3 -5 -6 -7
leaf_value=-0.0005730839801026059 -0.001556733390627065 0.014869438884934296 0.0042970245789984724 -0.00018084014670849356 -0.014440448142207357 -0.015500020283347096
leaf_weight=17.438155457377434 101.14242785423994 6.0672372728586188 205.30088609457016 534.38142699748278 18.836283437907696 30.646009922027588
leaf_count=66 454 20 761 1680 80 200
internal_value=-0.00013635 -0.0070737 0.000281233 0.00102979 -0.00402899 -0.0109247
internal_weight=913.812 54.1514 859.661 739.682 119.979 48.0842
internal_count=3261 286 2975 2441 534 266
is_linear=0
shrinkage=0.03


Tree=312
num_leaves=7
num_cat=0
split_feature=43 35 27 5 28 20
split_gain=3.01187 3.98204 3.39894 4.92939 3.33055 1.79604
threshold=1288.76350599996 0.96851400328602588 0.8102489661760256 1.0486770000000003 0.7391260803733154 -1.0326520499999998
decision_type=2 2 2 2 2 2
left_child=1 -1 4 -4 -2 -3
right_child=2 5 3 -5 -6 -7
leaf_value=0.0072400196739344181 0.0015918088899234068 0.00053405575819592951 0.0070547223306747855 0.00013581858537855418 -0.0073531026193265053 -0.014010993653576777
leaf_weight=9.710955083370207 53.467107072472572 4.6283188313245764 105.22105665504932 759.09939822554588 92.018019303679466 34.760035082697868
leaf_count=28 162 20 322 2332 276 121
internal_value=-4.70938e-05 -0.00717656 0.000283409 0.00102709 -0.00388535 -0.0116338
internal_weight=1058.9 49.0993 1009.81 864.32 145.485 39.3884
internal_count=3261 169 3092 2654 438 141
is_linear=0
shrinkage=0.03


Tree=313
num_leaves=8
num_cat=0
split_feature=55 46 58 48 46 45 38
split_gain=2.06845 3.61415 2.83841 4.87807 3.43583 1.64142 0.0403848
threshold=1434.233858835008 -4.4626049747625975 42.500000000000007 10.300000000000002 18.617604521016009 -42.831283561954812 1.9067544247737518
decision_type=2 2 2 2 2 2 2
left_child=2 5 4 -4 -1 -2 -3
right_child=1 6 3 -5 -6 -7 -8
leaf_value=-0.001810845689737213 -0.0067826164411680266 -0.01969561424213739 0.0044980677853002689 -0.0045003666259993283 0.0050039042093518562 0.0096352031089230669 -0.0023485820536747765
leaf_weight=454.68148808181286 6.7777455896139172 10.53959099948406 273.37424431741238 62.665721833705902 74.565228536725044 9.9364542812108976 5.2048512250185004
leaf_count=1653 25 41 954 246 288 34 20
internal_value=0.000228238 -0.00691908 0.000546276 0.00271457 -0.000779025 0.00136122 -0.0165627
internal_weight=897.745 32.4586 865.287 336.04 529.247 16.7142 15.7444
internal_count=3261 120 3141 1200 1941 59 61
is_linear=0
shrinkage=0.03


Tree=314
num_leaves=8
num_cat=0
split_feature=36 14 14 45 33 50 23
split_gain=3.12082 3.73476 3.70291 3.6148 2.66014 3.6729 2.25195
threshold=1.8018117467730037 1.8404359264587524 1.901744061538462 117.3099710684328 1.9467730456468832 10.660720904436785 1.2746415762528835
decision_type=2 2 2 2 2 2 2
left_child=1 3 -3 -1 6 -6 -2
right_child=4 2 -4 -5 5 -7 -8
leaf_value=0.0001302279910407407 0.0013025799532467698 -0.017155652127786351 0 -0.0081929917831202546 -0.0084611009015908012 0.0040652728793908258 0.013952218140177762
leaf_weight=663.55682819336653 30.720523416996002 22.792711466550827 18.782973200082779 48.100213430821896 27.374383941292763 70.971363872289658 31.206209644675255
leaf_count=2334 85 67 55 349 80 200 91
internal_value=-0.000136967 -0.000979068 -0.00953806 -0.000411677 0.00359907 0.000180465 0.00838337
internal_weight=913.505 753.233 41.5757 711.657 160.272 98.3457 61.9267
internal_count=3261 2805 122 2683 456 280 176
is_linear=0
shrinkage=0.03


Tree=315
num_leaves=7
num_cat=0
split_feature=62 30 36 14 22 13
split_gain=2.78536 6.40783 3.22669 5.35402 2.89141 1.87296
threshold=14.500000000000002 1.0513985638246672 0.65821131520720921 0.98378307939189202 1.5894395128788885 1.5005859500000003
decision_type=2 2 2 2 2 2
left_child=2 4 -1 -4 -2 -3
right_child=1 5 3 -5 -6 -7
leaf_value=-0.016186520541067197 0.021155269603366205 -0.013840576375737941 0.0079543503637366543 -6.4897879801963784e-05 -8.8964848153481662e-05 -0.0012287243399345471
leaf_weight=8.3692525923252088 7.7405618429183942 39.951396942138672 79.134816020727158 893.32335528731346 7.7278644591569901 22.266144469380379
leaf_count=24 23 115 231 2768 24 76
internal_value=-4.32065e-05 -0.00546206 0.000365708 0.000571877 0.0100295 -0.0099731
internal_weight=1058.51 77.686 980.827 972.458 15.4684 62.2175
internal_count=3261 238 3023 2999 47 191
is_linear=0
shrinkage=0.03


Tree=316
num_leaves=7
num_cat=0
split_feature=52 42 0 41 10 43
split_gain=2.02819 3.95929 3.47017 3.52061 3.31052 2.51683
threshold=3.1714285714285722 -0.069147498337200727 1.0534620000000003 0.93273746862108597 1.4232316666666669 1314.8911965048396
decision_type=2 2 2 2 2 2
left_child=1 5 4 -4 -2 -1
right_child=2 -3 3 -5 -6 -7
leaf_value=-0.0075767139252512078 -0.006550667367082875 0.022169577721914788 -0.0054462160924175877 0.0018406306612641387 0.00044151960615502897 0.008007821449099466
leaf_weight=14.353690221905707 123.78325718641281 9.0362273156642896 63.238862678408623 565.3243258446455 103.32504194974899 18.750354930758476
leaf_count=50 440 28 245 2061 374 63
internal_value=0.000220485 0.00650033 -6.82448e-05 0.00104499 -0.00326248 0.000349188
internal_weight=897.812 42.1403 855.671 628.563 227.108 33.104
internal_count=3261 141 3120 2306 814 113
is_linear=0
shrinkage=0.03


Tree=317
num_leaves=8
num_cat=0
split_feature=59 48 48 53 45 51 48
split_gain=3.04067 4.20883 6.82354 5.17492 3.65087 4.86778 3.49608
threshold=58.500000000000007 -3.7649999999999992 -9.9749999999999996 9.6833333333333353 -102.69898596905465 13.0674639036442 -6.1949999999999994
decision_type=2 2 2 2 2 2 2
left_child=1 2 -1 -3 5 -2 -6
right_child=4 3 -4 -5 6 -7 -8
leaf_value=-0.0064704262565541803 0.016255811903450094 -0.0038565436608086548 0.0056458130581843223 0.003866241548063518 -0.0069554331400301893 -0.0027455078812833418 0.0037728891937622963
leaf_weight=52.707129240036011 34.052191913127899 436.40876186639071 159.84975104033947 89.626017197966576 36.319490902125835 13.84384962916374 90.262422144412994
leaf_count=181 95 1678 538 260 125 38 346
internal_value=-0.00013395 -0.00100825 0.00246925 -0.00247426 0.00336657 0.0102725 0.000401046
internal_weight=913.07 738.592 212.557 526.035 174.478 47.896 126.582
internal_count=3261 2657 719 1938 604 133 471
is_linear=0
shrinkage=0.03


Tree=318
num_leaves=8
num_cat=0
split_feature=62 46 38 23 49 50 26
split_gain=2.74342 3.60587 3.6092 3.04146 3.52065 2.8121 2.4225
threshold=3.5000000000000004 2.849027457383841 1.2657026489257561 0.66064701213604982 2.1350000000000002 18.529733376978282 1.1201840061807427
decision_type=2 2 2 2 2 2 2
left_child=1 2 -1 5 -5 -2 -3
right_child=3 6 -4 4 -6 -7 -8
leaf_value=-0.0098247130004436925 0.010423133220875737 -0.0006327132714688304 0.0061224903804012812 0.0003896090422156907 -0.0034336778042193751 -0.0065570548692742642 0.015487419237621028
leaf_weight=19.470353126525879 37.79374372959137 6.5347185879945746 29.368732988834381 600.2704051733017 327.54856199026108 7.4893976002931586 29.776489034295082
leaf_count=64 113 21 86 1813 1043 23 98
internal_value=-4.3867e-05 0.00502409 0 -0.000527494 -0.000932347 0.00682173 0.0119217
internal_weight=1058.25 85.1503 48.8391 973.102 927.819 45.2831 36.3112
internal_count=3261 269 150 2992 2856 136 119
is_linear=0
shrinkage=0.03


Tree=319
num_leaves=8
num_cat=0
split_feature=33 22 5 11 17 26 51
split_gain=2.03021 4.01327 4.18049 3.23241 5.27013 2.66694 0.286277
threshold=0.78701121477058045 0.78727559366757871 1.3694083333333336 1.2371718000000003 1.2423897500000003 0.82291119671622304 12.818918717417432
decision_type=2 2 2 2 2 2 2
left_child=1 6 -3 4 -2 -5 -1
right_child=3 2 -4 5 -6 -7 -8
leaf_value=0 -0.012572226854350029 0 0.01552645844852567 -0.0080896149317336054 -0.00084507701411039055 0.0014424955223888783 -0.012897455994589297
leaf_weight=6.0235940217971784 42.257243573665619 31.372511997818947 31.670386299490929 25.017094373703003 190.60582653433084 564.6230093985796 6.1633008867502213
leaf_count=20 155 113 105 91 705 2050 22
internal_value=0.00021881 0.00488485 0.00818219 -0.000182395 -0.00318985 0.000961384 -0.00880655
internal_weight=897.733 75.2298 63.0429 822.503 232.863 589.64 12.1869
internal_count=3261 260 218 3001 860 2141 42
is_linear=0
shrinkage=0.03


Tree=320
num_leaves=5
num_cat=0
split_feature=15 59 48 4
split_gain=3.08312 3.18734 4.68241 3.42876
threshold=0.38968465000000002 58.500000000000007 -3.7649999999999992 1.200650144166667
decision_type=2 2 2 2
left_child=-1 2 -2 -3
right_child=1 3 -4 -5
leaf_value=0.015805614283916181 0.0024218093293211524 0.0091848742508386337 -0.00280831851285207 1.0639141014728563e-05
leaf_weight=8.7188341021537763 211.37926140427589 56.321437627077103 519.12397073954344 116.91240039467812
leaf_count=26 715 165 1920 435
internal_value=-0.00013162 -0.000353058 -0.00125149 0.00323534
internal_weight=912.456 903.737 730.503 173.234
internal_count=3261 3235 2635 600
is_linear=0
shrinkage=0.03


Tree=321
num_leaves=8
num_cat=0
split_feature=15 2 2 15 53 48 48
split_gain=2.74647 4.66291 5.06607 4.75114 4.21284 3.63798 2.6872
threshold=1.6486958333333337 1.5486540625000005 1.4589366000000001 2.2773101666666675 4.366666666666668 -4.4249999999999989 -14.004999999999997
decision_type=2 2 2 2 2 2 2
left_child=4 2 -2 -3 5 -1 -6
right_child=1 3 -4 -5 6 -7 -8
leaf_value=-0.0036106678523441195 0.0012831614205838792 0.010660351123457737 -0.012349763266349741 -0.002269888832267964 0.010558782730634642 0.0075248635701258438 -0.0024785830734320967
leaf_weight=33.093394160270691 195.16268654167652 84.810457482933998 25.876735910773277 30.47878423333168 11.83330477774143 81.19248802959919 595.49024301767349
leaf_count=93 564 276 75 97 38 237 1881
internal_value=-4.25851e-05 0.00215893 -0.000274748 0.00700581 -0.00111326 0.00403576 -0.0021415
internal_weight=1057.94 336.329 221.039 115.289 721.609 114.286 607.324
internal_count=3261 1012 639 373 2249 330 1919
is_linear=0
shrinkage=0.03


Tree=322
num_leaves=6
num_cat=0
split_feature=27 6 31 27 49
split_gain=2.0062 3.81939 2.69055 2.58818 1.95613
threshold=0.75288213976989982 0.76519380000000015 0.84385348666419724 0.43356845386860698 12.055000000000001
decision_type=2 2 2 2 2
left_child=3 -2 -3 -1 -5
right_child=1 2 -4 4 -6
leaf_value=-0.0079945414255676566 -0.018084890242565179 -0.012209304053473728 0.00025543649569509445 0.0079761976934948631 -0.0068235531277839722
leaf_weight=9.4209175407886487 8.6390990540385229 13.899052023887633 786.76703568547964 73.836448051035404 5.2657756358385077
leaf_count=39 36 63 2824 279 20
internal_value=0.000209995 -0.000228081 0 0.00446298 0.00647711
internal_weight=897.828 809.305 800.666 88.5231 79.1022
internal_count=3261 2923 2887 338 299
is_linear=0
shrinkage=0.03


Tree=323
num_leaves=7
num_cat=0
split_feature=26 23 59 7 28 16
split_gain=3.05374 3.78459 3.61773 2.72273 5.86265 1.90597
threshold=0.8094040088650597 0.63969909770733091 58.500000000000007 1.3812159375000002 1.6646435445521017 1.2366335000000002
decision_type=2 2 2 2 2 2
left_child=3 5 -3 -1 -5 -2
right_child=1 2 -4 4 -6 -7
leaf_value=-0.0038714241973935746 0 -0.0011737970367219645 0.0037481684925727717 0.024104708874851541 0 -0.018053090191435001
leaf_weight=10.003179132938383 9.9770282953977603 678.36328560113907 164.77114272117615 15.279092609882353 19.209985196590424 14.466954231262205
leaf_count=32 29 2481 576 44 54 45
internal_value=-0.000124522 -0.000556891 -0.000169822 0.00732248 0.0114256 -0.0117508
internal_weight=912.071 867.578 843.134 44.4923 34.4891 24.444
internal_count=3261 3131 3057 130 98 74
is_linear=0
shrinkage=0.03


end of trees

feature_importances:
npxgd_diff_season=134
xpoints_delta_home=94
elo_diff=93
home_npxg_season=81
elo_before_away=73
deep_away_last10=71
away_xga_last3=63
xg_diff_last10=63
deep_home_last10=60
away_npxga_last3=54
home_xga_last8=53
home_npxg_last3=52
home_xg_last8=51
strength_of_schedule_away=49
home_xga_last5=47
sample_size_away=45
days_since_prev_home=43
away_npxg_last3=42
elo_trend_away=42
away_xg_last5=41
elo_before_home=41
strength_of_schedule_home=41
home_xg_last3=40
home_xg_season=36
home_npxga_last3=36
away_xg_season=34
home_npxg_last5=34
away_npxga_season=34
elo_trend_home=33
sample_size_home=31
away_xga_last5=28
xpoints_delta_away=28
away_xg_last10=27
away_xga_last10=27
away_npxg_season=27
home_xg_last10=25
home_xga_last10=25
xga_diff_last10=25
away_npxg_last5=25
away_xg_last3=24
home_npxg_last8=23
home_xg_last5=22
away_npxga_last5=22
home_xga_season=20
home_npxga_last5=19
away_npxg_last10=19
ppda_away_last10=18
home_xga_last3=17
away_xga_last8=16
home_npxg_last10=16
home_npxga_season=16
matchday_away=16
away_npxga_last10=14
ppda_home_last10=14
matchday_home=11
away_npxga_last8=10
days_since_prev_away=10
league_Ligue_1=10
away_xg_last8=8
home_npxga_last8=8
home_npxga_last10=6
away_npxg_last8=5
away_xga_season=4
league_Bundesliga=1
season_phase_num=1

parameters:
[boosting: gbdt]
[objective: multiclass]
[metric: multi_logloss]
[tree_learner: serial]
[device_type: cpu]
[data_sample_strategy: bagging]
[data: ]
[valid: ]
[num_iterations: 800]
[learning_rate: 0.03]
[num_leaves: 31]
[num_threads: 2]
[seed: 42]
[deterministic: 0]
[force_col_wise: 0]
[force_row_wise: 0]
[histogram_pool_size: -1]
[max_depth: 3]
[min_data_in_leaf: 20]
[min_sum_hessian_in_leaf: 0.001]
[bagging_fraction: 0.8]
[pos_bagging_fraction: 1]
[neg_bagging_fraction: 1]
[bagging_freq: 0]
[bagging_seed: 400]
[bagging_by_query: 0]
[feature_fraction: 0.6]
[feature_fraction_bynode: 1]
[feature_fraction_seed: 30056]
[extra_trees: 0]
[extra_seed: 12879]
[early_stopping_round: 0]
[early_stopping_min_delta: 0]
[first_metric_only: 0]
[max_delta_step: 0]
[lambda_l1: 1]
[lambda_l2: 2]
[linear_lambda: 0]
[min_gain_to_split: 0]
[drop_rate: 0.1]
[max_drop: 50]
[skip_drop: 0.5]
[xgboost_dart_mode: 0]
[uniform_drop: 0]
[drop_seed: 17869]
[top_rate: 0.2]
[other_rate: 0.1]
[min_data_per_group: 100]
[max_cat_threshold: 32]
[cat_l2: 10]
[cat_smooth: 10]
[max_cat_to_onehot: 4]
[top_k: 20]
[monotone_constraints: ]
[monotone_constraints_method: basic]
[monotone_penalty: 0]
[feature_contri: ]
[forcedsplits_filename: ]
[refit_decay_rate: 0.9]
[cegb_tradeoff: 1]
[cegb_penalty_split: 0]
[cegb_penalty_feature_lazy: ]
[cegb_penalty_feature_coupled: ]
[path_smooth: 0]
[interaction_constraints: ]
[verbosity: -1]
[saved_feature_importance_type: 0]
[use_quantized_grad: 0]
[num_grad_quant_bins: 4]
[quant_train_renew_leaf: 0]
[stochastic_rounding: 1]
[linear_tree: 0]
[max_bin: 255]
[max_bin_by_feature: ]
[min_data_in_bin: 3]
[bin_construct_sample_cnt: 200000]
[data_random_seed: 175]
[is_enable_sparse: 1]
[enable_bundle: 1]
[use_missing: 1]
[zero_as_missing: 0]
[feature_pre_filter: 1]
[pre_partition: 0]
[two_round: 0]
[header: 0]
[label_column: ]
[weight_column: ]
[group_column: ]
[ignore_column: ]
[categorical_feature: ]
[forcedbins_filename: ]
[precise_float_parser: 0]
[parser_config_file: ]
[objective_seed: 16083]
[num_class: 3]
[is_unbalance: 0]
[scale_pos_weight: 1]
[sigmoid: 1]
[boost_from_average: 1]
[reg_sqrt: 0]
[alpha: 0.9]
[fair_c: 1]
[poisson_max_delta_step: 0.7]
[tweedie_variance_power: 1.5]
[lambdarank_truncation_level: 30]
[lambdarank_norm: 1]
[label_gain: ]
[lambdarank_position_bias_regularization: 0]
[eval_at: ]
[multi_error_top_k: 1]
[auc_mu_weights: ]
[num_machines: 1]
[local_listen_port: 12400]
[time_out: 120]
[machine_list_filename: ]
[machines: ]
[gpu_platform_id: -1]
[gpu_device_id: -1]
[gpu_device_id_list: ]
[gpu_use_dp: 0]
[num_gpu: 1]

end of parameters

pandas_categorical:[]
